pigment,abs_linear_random_R2_PCR,abs_linear_random_R2_null,abs_linear_random_dR2,abs_linear_random_beyond,abs_log_random_R2_PCR,abs_log_random_R2_null,abs_log_random_dR2,abs_log_random_beyond,abs_linear_loco_R2_PCR,abs_linear_loco_R2_null,abs_linear_loco_dR2,abs_linear_loco_beyond,abs_log_loco_R2_PCR,abs_log_loco_R2_null,abs_log_loco_dR2,abs_log_loco_beyond,abs_linear_random_R2_oracle,abs_log_random_R2_oracle,abs_linear_loco_R2_oracle,abs_log_loco_R2_oracle,ratio_log_random_R2_PCR,ratio_log_random_R2_null,ratio_log_random_R2_derived,ratio_log_random_dR2,ratio_log_random_beyond,ratio_log_loco_R2_PCR,ratio_log_loco_R2_null,ratio_log_loco_R2_derived,ratio_log_loco_dR2,ratio_log_loco_beyond
Tchla,0.7198,0.8109,-0.091,False,0.4288,0.7248,-0.2959,False,0.4449,0.6554,-0.2105,False,0.3039,0.6845,-0.3806,False,,,,,,,,,,,,,,
HexFuco,0.4757,0.6057,-0.13,False,0.4924,0.6119,-0.1194,False,0.1218,0.3879,-0.266,False,0.314,0.5366,-0.2227,False,0.7304,0.7899,0.6742,0.7575,0.1788,0.0612,0.0216,0.1176,False,0.034,0.2063,0.0,-0.1723,False
ButFuco,0.5011,0.5218,-0.0208,False,0.5204,0.5488,-0.0284,False,0.1626,0.3225,-0.1599,False,0.3317,0.4638,-0.1321,False,0.5968,0.728,0.5316,0.6853,0.1777,0.0628,0.0202,0.1149,False,0.0048,0.0812,0.0031,-0.0764,False
Allo,0.3813,0.4726,-0.0913,False,0.338,0.5015,-0.1635,False,0.0641,0.1701,-0.1061,False,0.2024,0.4386,-0.2362,False,0.7514,0.6331,0.6335,0.6001,0.3122,0.0459,0.0212,0.2663,True,0.0812,0.2011,0.0012,-0.1199,False
Fuco,0.6069,0.716,-0.1091,False,0.5145,0.687,-0.1725,False,0.3238,0.5606,-0.2368,False,0.4971,0.6629,-0.1658,False,0.8144,0.8723,0.7607,0.8525,0.6106,0.3811,0.0302,0.2295,True,0.3966,0.3106,0.0,0.086,False
Perid,0.549,0.604,-0.055,False,0.504,0.5691,-0.0651,False,0.4499,0.5036,-0.0537,False,0.4665,0.5284,-0.0619,False,0.5262,0.6242,0.2808,0.5709,0.2911,0.1862,0.0801,0.105,False,0.0854,0.0791,0.0068,0.0064,False
Zea,0.3656,0.2038,0.1618,False,0.3577,0.1737,0.1841,True,0.0115,0.0246,-0.0131,False,0.0207,0.0911,-0.0704,False,0.2072,0.1679,0.0277,0.002,0.5733,0.418,0.2232,0.1553,True,0.3394,0.3489,0.1151,-0.0095,False
DVchla,0.4825,0.0559,0.4266,True,0.3536,0.0704,0.2831,True,0.0371,0.2138,-0.1767,False,0.0137,0.4773,-0.4636,False,0.0571,0.0289,0.1913,0.3557,0.6868,0.4185,0.2889,0.2683,True,0.3552,0.3194,0.1527,0.0358,False
MVchlb,0.4379,0.6175,-0.1796,False,0.4309,0.6768,-0.2459,False,0.1508,0.3718,-0.2211,False,0.4551,0.6286,-0.1735,False,0.7368,0.7558,0.593,0.7465,0.2387,0.1656,0.0238,0.0732,False,0.0317,0.0416,0.0001,-0.01,False
Chlc12,0.6422,0.7769,-0.1347,False,0.5157,0.7139,-0.1981,False,0.2926,0.5389,-0.2463,False,0.5488,0.6834,-0.1346,False,0.9242,0.9363,0.898,0.9315,0.4418,0.3377,0.0314,0.1042,True,0.285,0.2699,0.002,0.015,False
Chlc3,0.6192,0.7298,-0.1106,False,0.5692,0.6817,-0.1125,False,0.2359,0.5841,-0.3482,False,0.3405,0.6124,-0.272,False,0.8227,0.9028,0.8119,0.8811,0.5454,0.3398,0.0301,0.2056,True,0.172,0.1968,0.011,-0.0247,False
Neo,0.4287,0.5163,-0.0876,False,0.3577,0.4472,-0.0895,False,0.1075,0.2335,-0.126,False,0.2835,0.3755,-0.092,False,0.6635,0.5617,0.4505,0.5249,0.38,0.1954,0.0924,0.1846,True,0.1995,0.0384,0.0393,0.1611,True
Viola,0.3843,0.5194,-0.1351,False,0.3893,0.6063,-0.217,False,0.0814,0.2237,-0.1423,False,0.3523,0.568,-0.2157,False,0.6828,0.6556,0.5234,0.6369,0.1669,0.0422,0.0219,0.1247,True,0.0126,0.2864,0.0159,-0.2738,False
