kind,model,target,R2_lin,R2_log,bias_log,rms_log,truth_sd_log,n_truth_zero,crms_log
abs,PCR,Tchla,0.5765,0.6574,0.0179,0.0902,0.113,0,0.0884
abs,PCR,HexFuco,0.0002,0.0162,-0.1717,0.2868,0.1847,0,0.2297
abs,PCR,ButFuco,0.0041,0.0313,-0.0784,0.2213,0.1582,0,0.207
abs,PCR,Allo,0.0001,0.0024,1.0784,1.0967,0.1386,0,0.1997
abs,PCR,Fuco,0.6973,0.5914,-0.0168,0.176,0.2718,0,0.1752
abs,PCR,Perid,0.0913,0.0419,-0.4256,0.4685,0.1509,0,0.1957
abs,PCR,Zea,0.37,0.2987,0.5506,0.5927,0.2488,0,0.2195
abs,PCR,DVchla,,,0.9017,0.9208,0.0,17,0.1867
abs,PCR,MVchlb,0.1367,0.1387,0.641,0.6505,0.0823,0,0.1112
abs,PCR,Chlc12,0.6466,0.7215,-0.0903,0.1296,0.174,0,0.093
abs,PCR,Chlc3,0.3215,0.499,-0.1842,0.2135,0.1382,0,0.1081
abs,PCR,Neo,0.6519,0.5753,0.5434,0.5515,0.1241,0,0.0944
abs,PCR,Viola,0.1005,0.1555,0.7259,0.7345,0.0902,0,0.1121
abs,PCR_Kramer_coefs,Tchla,0.546,0.653,0.0167,0.0958,0.113,0,0.0944
abs,PCR_Kramer_coefs,HexFuco,0.0001,0.0126,-0.145,0.2783,0.1847,0,0.2375
abs,PCR_Kramer_coefs,ButFuco,0.0063,0.0328,-0.0498,0.2218,0.1582,0,0.2161
abs,PCR_Kramer_coefs,Allo,0.0017,0.0036,1.084,1.1033,0.1386,0,0.205
abs,PCR_Kramer_coefs,Fuco,0.6969,0.5785,-0.0277,0.1786,0.2718,0,0.1765
abs,PCR_Kramer_coefs,Perid,0.1025,0.0554,-0.4094,0.4568,0.1509,0,0.2027
abs,PCR_Kramer_coefs,Zea,0.502,0.3849,0.5221,0.5625,0.2488,0,0.2093
abs,PCR_Kramer_coefs,DVchla,,,0.8893,0.9387,0.0,17,0.3005
abs,PCR_Kramer_coefs,MVchlb,0.1244,0.1185,0.6552,0.667,0.0823,0,0.1246
abs,PCR_Kramer_coefs,Chlc12,0.6408,0.725,-0.0863,0.1307,0.174,0,0.0981
abs,PCR_Kramer_coefs,Chlc3,0.2859,0.4751,-0.1468,0.1914,0.1382,0,0.1228
abs,PCR_Kramer_coefs,Neo,0.6257,0.5311,0.5518,0.5628,0.1241,0,0.1106
abs,PCR_Kramer_coefs,Viola,0.0443,0.0785,0.727,0.7382,0.0902,0,0.1277
abs,null_GSM,Tchla,0.8222,0.9027,-0.1774,0.1937,0.113,0,0.0778
abs,null_GSM,HexFuco,0.021,0.001,-0.41,0.4774,0.1847,0,0.2446
abs,null_GSM,ButFuco,0.0,0.0116,-0.3014,0.3863,0.1582,0,0.2416
abs,null_GSM,Allo,0.0071,0.006,0.3531,0.4264,0.1386,0,0.2392
abs,null_GSM,Fuco,0.8554,0.7981,-0.6245,0.6364,0.2718,0,0.1222
abs,null_GSM,Perid,0.132,0.0766,-0.742,0.7732,0.1509,0,0.2173
abs,null_GSM,Zea,0.3277,0.3388,0.5786,0.6171,0.2488,0,0.2145
abs,null_GSM,DVchla,,,0.9696,0.9697,0.0,17,0.0171
abs,null_GSM,MVchlb,0.0858,0.0834,0.2844,0.3563,0.0823,0,0.2146
abs,null_GSM,Chlc12,0.8743,0.9393,-0.4537,0.4579,0.174,0,0.0616
abs,null_GSM,Chlc3,0.5618,0.7309,-0.4643,0.486,0.1382,0,0.1433
abs,null_GSM,Neo,0.7207,0.6436,0.1571,0.1756,0.1241,0,0.0785
abs,null_GSM,Viola,0.0109,0.031,0.3076,0.3535,0.0902,0,0.174
abs,null_OC4,Tchla,0.8228,0.8728,-0.2492,0.2559,0.113,0,0.058
abs,null_OC4,HexFuco,0.0187,0.0001,-0.5035,0.5525,0.1847,0,0.2276
abs,null_OC4,ButFuco,0.0,0.018,-0.401,0.4561,0.1582,0,0.2173
abs,null_OC4,Allo,0.011,0.0074,0.3118,0.3836,0.1386,0,0.2234
abs,null_OC4,Fuco,0.8809,0.8592,-0.6466,0.6553,0.2718,0,0.1062
abs,null_OC4,Perid,0.1395,0.0834,-0.7569,0.7857,0.1509,0,0.2109
abs,null_OC4,Zea,0.2721,0.2745,0.4477,0.5051,0.2488,0,0.2339
abs,null_OC4,DVchla,,,0.7062,0.7088,0.0,17,0.0615
abs,null_OC4,MVchlb,0.0412,0.0285,0.2145,0.2906,0.0823,0,0.1961
abs,null_OC4,Chlc12,0.8893,0.9357,-0.5143,0.5164,0.174,0,0.0472
abs,null_OC4,Chlc3,0.611,0.7554,-0.5791,0.5882,0.1382,0,0.103
abs,null_OC4,Neo,0.6327,0.5362,0.0971,0.1292,0.1241,0,0.0853
abs,null_OC4,Viola,0.0002,0.0025,0.2715,0.3197,0.0902,0,0.1688
abs,GSM_raw,Tchla,0.7902,0.9027,-0.0751,0.1498,0.113,0,0.1296
abs,sharedW,Tchla,0.33,0.4169,-0.166,0.2464,0.113,0,0.1821
abs,sharedW,HexFuco,0.0088,0.0027,-0.1572,0.3118,0.1847,0,0.2693
abs,sharedW,ButFuco,0.0001,0.0014,-0.0447,0.2652,0.1582,0,0.2614
abs,sharedW,Allo,0.0003,0.0177,-0.3135,0.6507,0.1386,0,0.5702
abs,sharedW,Fuco,0.7896,0.7361,0.1576,0.2105,0.2718,0,0.1396
abs,sharedW,Perid,0.1162,0.0671,-0.8183,0.8361,0.1509,0,0.1718
abs,sharedW,Zea,0.0188,0.0201,0.0347,0.3906,0.2488,0,0.3891
abs,sharedW,DVchla,,,0.465,0.8259,0.0,17,0.6826
abs,sharedW,MVchlb,0.1274,0.1684,-0.9959,1.0555,0.0823,0,0.3496
abs,sharedW,Chlc12,0.6091,0.7052,-0.0005,0.1237,0.174,0,0.1237
abs,sharedW,Chlc3,0.3099,0.5079,-0.0902,0.1799,0.1382,0,0.1556
abs,sharedW,Neo,0.0015,0.0,-0.4353,0.4778,0.1241,0,0.1971
abs,sharedW,Viola,0.0055,0.0098,-0.68,0.7269,0.0902,0,0.2571
ratio,PCR_derived,HexFuco,,0.0386,-0.1897,0.2677,0.1915,0,0.189
ratio,PCR_derived,ButFuco,,0.1246,-0.0964,0.198,0.1843,0,0.1729
ratio,PCR_derived,Allo,,0.1372,1.0605,1.0735,0.174,0,0.1666
ratio,PCR_derived,Fuco,,0.4546,-0.0347,0.1638,0.1835,0,0.1601
ratio,PCR_derived,Perid,,0.0468,-0.4436,0.4895,0.2105,0,0.207
ratio,PCR_derived,Zea,,0.0057,0.5326,0.5906,0.2226,0,0.2551
ratio,PCR_derived,DVchla,,0.5505,0.8838,0.9142,0.113,17,0.2336
ratio,PCR_derived,MVchlb,,0.3963,0.623,0.6306,0.1182,0,0.0973
ratio,PCR_derived,Chlc12,,0.3546,-0.1082,0.1265,0.0758,0,0.0655
ratio,PCR_derived,Chlc3,,0.0105,-0.2021,0.211,0.0527,0,0.0606
ratio,PCR_derived,Neo,,0.2114,0.5255,0.5326,0.0944,0,0.0867
ratio,PCR_derived,Viola,,0.4817,0.708,0.715,0.1277,0,0.0997
ratio,PCR_Kramer_coefs_derived,HexFuco,,0.0748,-0.1617,0.2452,0.1915,0,0.1842
ratio,PCR_Kramer_coefs_derived,ButFuco,,0.1746,-0.0665,0.1802,0.1843,0,0.1674
ratio,PCR_Kramer_coefs_derived,Allo,,0.0417,1.0673,1.0808,0.174,0,0.1704
ratio,PCR_Kramer_coefs_derived,Fuco,,0.3159,-0.0444,0.1656,0.1835,0,0.1595
ratio,PCR_Kramer_coefs_derived,Perid,,0.0357,-0.4261,0.4748,0.2105,0,0.2096
ratio,PCR_Kramer_coefs_derived,Zea,,0.001,0.5054,0.5659,0.2226,0,0.2547
ratio,PCR_Kramer_coefs_derived,DVchla,,0.2793,0.8726,0.9404,0.113,17,0.3507
ratio,PCR_Kramer_coefs_derived,MVchlb,,0.2583,0.6385,0.6469,0.1182,0,0.104
ratio,PCR_Kramer_coefs_derived,Chlc12,,0.4446,-0.103,0.1191,0.0758,0,0.0597
ratio,PCR_Kramer_coefs_derived,Chlc3,,0.0136,-0.1635,0.1747,0.0527,0,0.0613
ratio,PCR_Kramer_coefs_derived,Neo,,0.0027,0.5351,0.5437,0.0944,0,0.0963
ratio,PCR_Kramer_coefs_derived,Viola,,0.2955,0.7103,0.7187,0.1277,0,0.1097
ratio,null_GSM,HexFuco,,0.2803,-0.2326,0.298,0.1915,0,0.1862
ratio,null_GSM,ButFuco,,0.4555,-0.124,0.2166,0.1843,0,0.1775
ratio,null_GSM,Allo,,0.4604,0.5304,0.56,0.174,0,0.1794
ratio,null_GSM,Fuco,,0.545,-0.4472,0.4696,0.1835,0,0.1433
ratio,null_GSM,Perid,,0.5014,-0.5646,0.5912,0.2105,0,0.1751
ratio,null_GSM,Zea,,0.0283,0.7559,0.7996,0.2226,0,0.2606
ratio,null_GSM,DVchla,,0.9027,1.1469,1.1487,0.113,17,0.063
ratio,null_GSM,MVchlb,,0.4998,0.4618,0.4871,0.1182,0,0.1548
ratio,null_GSM,Chlc12,,0.6544,-0.2763,0.281,0.0758,0,0.0511
ratio,null_GSM,Chlc3,,0.0424,-0.287,0.2967,0.0527,0,0.0752
ratio,null_GSM,Neo,,0.0067,0.3345,0.3502,0.0944,0,0.1037
ratio,null_GSM,Viola,,0.5132,0.485,0.4996,0.1277,0,0.12
ratio,null_OC4,HexFuco,,0.3148,-0.2542,0.3132,0.1915,0,0.1829
ratio,null_OC4,ButFuco,,0.4731,-0.1518,0.2297,0.1843,0,0.1724
ratio,null_OC4,Allo,,0.4555,0.561,0.5909,0.174,0,0.1855
ratio,null_OC4,Fuco,,0.6363,-0.3974,0.4186,0.1835,0,0.1316
ratio,null_OC4,Perid,,0.5015,-0.5076,0.5407,0.2105,0,0.1861
ratio,null_OC4,Zea,,0.0124,0.6969,0.7446,0.2226,0,0.2621
ratio,null_OC4,DVchla,,0.8728,0.9554,0.9618,0.113,17,0.1108
ratio,null_OC4,MVchlb,,0.6012,0.4637,0.4892,0.1182,0,0.1559
ratio,null_OC4,Chlc12,,0.6863,-0.265,0.2696,0.0758,0,0.0492
ratio,null_OC4,Chlc3,,0.0768,-0.3299,0.3356,0.0527,0,0.0617
ratio,null_OC4,Neo,,0.024,0.3463,0.36,0.0944,0,0.0982
ratio,null_OC4,Viola,,0.6261,0.5207,0.5362,0.1277,0,0.1276
ratio,const,HexFuco,,,-0.1995,0.2765,0.1915,0,0.1915
ratio,const,ButFuco,,,-0.0911,0.2056,0.1843,0,0.1843
ratio,const,Allo,,,0.5052,0.5344,0.174,0,0.174
ratio,const,Fuco,,,-0.6514,0.6767,0.1835,0,0.1835
ratio,const,Perid,,,-0.3822,0.4363,0.2105,0,0.2105
ratio,const,Zea,,,1.0889,1.1114,0.2226,0,0.2226
ratio,const,DVchla,,,1.6616,1.6654,0.113,17,0.113
ratio,const,MVchlb,,,0.3108,0.3325,0.1182,0,0.1182
ratio,const,Chlc12,,,-0.3934,0.4006,0.0758,0,0.0758
ratio,const,Chlc3,,,-0.4987,0.5015,0.0527,0,0.0527
ratio,const,Neo,,,0.4996,0.5084,0.0944,0,0.0944
ratio,const,Viola,,0.0,0.5208,0.5362,0.1277,0,0.1277
ratio,sharedW,HexFuco,,0.4032,-0.1996,0.2705,0.1915,0,0.1826
ratio,sharedW,ButFuco,,0.574,-0.0911,0.2056,0.1843,0,0.1843
ratio,sharedW,Allo,,0.3974,0.6544,0.6687,0.174,0,0.1377
ratio,sharedW,Fuco,,0.7687,-0.2707,0.2899,0.1835,0,0.1037
ratio,sharedW,Perid,,0.6256,-0.576,0.5945,0.2105,0,0.1469
ratio,sharedW,Zea,,0.0161,0.5019,0.5742,0.2226,0,0.2789
ratio,sharedW,DVchla,,0.3813,0.6508,0.6764,0.113,17,0.1842
ratio,sharedW,MVchlb,,0.201,0.4199,0.4338,0.1182,0,0.1089
ratio,sharedW,Chlc12,,0.6055,-0.1809,0.1871,0.0758,0,0.0477
ratio,sharedW,Chlc3,,0.0358,-0.2941,0.3041,0.0527,0,0.0771
ratio,sharedW,Neo,,0.0261,0.3612,0.383,0.0944,0,0.1272
ratio,sharedW,Viola,,0.7143,0.5328,0.541,0.1277,0,0.0936
