pigment,R2,R2_sd,R2_paper,R2_sd_paper,MADn,MADn_sd,MADn_paper,MADn_sd_paper,MADn_obs,n_pcs_median,dR2_in_sd
Tchla,0.7272,0.1298,0.72,0.15,0.5051,0.1339,0.498,0.127,0.512,20.0,0.0477
HexFuco,0.504,0.1401,0.54,0.16,0.7261,0.2702,0.692,0.201,0.7254,13.5,-0.2247
ButFuco,0.5341,0.1706,0.62,0.16,0.6256,0.2114,0.588,0.185,0.6323,13.0,-0.5371
Allo,0.3891,0.1585,0.4,0.19,1.266,0.6776,1.221,0.4,1.5907,12.0,-0.0576
Fuco,0.6245,0.128,0.65,0.15,0.803,0.2363,0.844,0.274,0.9919,18.0,-0.1698
Perid,0.554,0.109,0.49,0.13,0.7212,0.1317,0.783,0.166,0.7808,19.0,0.4924
Zea,0.3594,0.1117,0.37,0.1,0.5054,0.096,0.472,0.071,0.504,20.0,-0.1063
DVchla,0.4618,0.1394,0.55,0.12,0.6468,0.1146,0.594,0.103,0.6731,25.0,-0.735
MVchlb,0.4174,0.1764,0.42,0.19,1.0063,0.4736,0.975,0.295,1.0241,14.0,-0.0136
Chlc12,0.6625,0.1143,0.7,0.13,0.7005,0.2361,0.703,0.235,0.772,18.0,-0.2887
Chlc3,0.6412,0.1217,0.68,0.13,0.6763,0.2535,0.639,0.212,0.7169,16.0,-0.2984
Neo,0.4158,0.1764,0.42,0.21,1.1398,0.5558,1.127,0.354,1.2263,15.0,-0.02
Viola,0.3694,0.1653,0.38,0.18,1.1753,0.6831,1.101,0.37,1.1967,13.0,-0.0592
