target,model,kind,pigment,R2_random,R2_random_sd,logR2_random,null_random,R2_null_random,dR2_random,frac_wins_random,beats_null_random,R2_loco,logR2_loco,null_loco,R2_null_loco,dR2_loco,dR2_loco_lo,dR2_loco_hi,beats_null_loco,RMS_loco,RMS_const_loco
abs:Tchla,Rrs,abs,Tchla,0.7397,0.1664,0.5557,null_GSM,0.8109,-0.0712,0.35,False,0.5881,0.5929,null_GSM,0.6554,-0.0673,-0.2336,0.0615,False,,
abs:HexFuco,Rrs,abs,HexFuco,0.6223,0.1893,0.5035,null_GSM,0.6057,0.0166,0.54,False,0.2466,0.4355,null_GSM,0.3879,-0.1413,-0.2784,-0.0164,False,,
ratio:HexFuco,Rrs,ratio,HexFuco,0.3522,0.1347,0.3522,null_OC4,0.0612,0.291,0.99,True,0.0814,0.0814,null_GSM,0.2063,-0.1249,-0.314,0.1063,False,0.2517,0.2479
abs:ButFuco,Rrs,abs,ButFuco,0.6573,0.2086,0.5745,null_GSM,0.5218,0.1355,0.81,False,0.5782,0.5438,null_GSM,0.3225,0.2558,0.0515,0.3397,True,,
ratio:ButFuco,Rrs,ratio,ButFuco,0.2952,0.1721,0.2952,null_OC4,0.0628,0.2323,0.94,True,0.1537,0.1537,null_GSM,0.0812,0.0726,-0.136,0.3008,False,0.2771,0.3004
abs:Allo,Rrs,abs,Allo,0.3991,0.248,0.3225,null_GSM,0.4726,-0.0735,0.32,False,0.0604,0.2962,null_GSM,0.1701,-0.1098,-0.2648,-0.0205,False,,
ratio:Allo,Rrs,ratio,Allo,0.3501,0.149,0.3501,null_OC4,0.0459,0.3042,0.98,True,0.1139,0.1139,null_GSM,0.2011,-0.0872,-0.2373,0.0637,False,0.4014,0.4171
abs:Fuco,Rrs,abs,Fuco,0.7169,0.1816,0.5528,null_GSM,0.716,0.0009,0.54,False,0.5882,0.4277,null_GSM,0.5606,0.0276,-0.1185,0.1622,False,,
ratio:Fuco,Rrs,ratio,Fuco,0.5981,0.0942,0.5981,null_OC4,0.3811,0.217,0.97,True,0.4553,0.4553,null_OC4,0.3106,0.1447,0.0522,0.2359,True,0.2788,0.3696
abs:Perid,Rrs,abs,Perid,0.5718,0.1474,0.5051,null_OC4,0.604,-0.0321,0.43,False,0.4898,0.4699,null_OC4,0.5036,-0.0138,-0.1975,0.1249,False,,
ratio:Perid,Rrs,ratio,Perid,0.344,0.1227,0.344,null_GSM,0.1862,0.1579,0.91,True,0.1826,0.1826,null_GSM,0.0791,0.1036,-0.0203,0.2154,False,0.2826,0.3271
abs:Zea,Rrs,abs,Zea,0.286,0.1373,0.3171,null_GSM,0.2038,0.0822,0.66,False,0.0688,0.1138,null_GSM,0.0246,0.0442,-0.0428,0.1798,False,,
ratio:Zea,Rrs,ratio,Zea,0.5808,0.0856,0.5808,null_OC4,0.418,0.1629,0.89,False,0.3333,0.3333,null_OC4,0.3489,-0.0156,-0.1175,0.128,False,0.5558,0.5435
abs:DVchla,Rrs,abs,DVchla,0.5076,0.1048,0.4419,null_GSM,0.0559,0.4517,1.0,True,0.1074,0.0942,null_GSM,0.2138,-0.1064,-0.1989,-0.0,False,,
ratio:DVchla,Rrs,ratio,DVchla,0.6719,0.0862,0.6719,null_OC4,0.4185,0.2535,0.97,True,0.3817,0.3817,null_OC4,0.3194,0.0624,-0.0163,0.1403,False,0.8158,0.9777
abs:MVchlb,Rrs,abs,MVchlb,0.4518,0.1913,0.4582,null_GSM,0.6175,-0.1657,0.22,False,0.2014,0.5956,null_GSM,0.3718,-0.1704,-0.3393,0.1329,False,,
ratio:MVchlb,Rrs,ratio,MVchlb,0.2576,0.1444,0.2576,null_OC4,0.1656,0.092,0.75,False,0.0908,0.0908,null_OC4,0.0416,0.0492,-0.0311,0.1458,False,0.3545,0.3541
abs:Chlc12,Rrs,abs,Chlc12,0.7217,0.169,0.5767,null_GSM,0.7769,-0.0551,0.41,False,0.4479,0.6004,null_GSM,0.5389,-0.0909,-0.26,-0.0001,False,,
ratio:Chlc12,Rrs,ratio,Chlc12,0.5016,0.113,0.5016,null_OC4,0.3377,0.164,0.98,True,0.3178,0.3178,null_OC4,0.2699,0.0479,-0.0344,0.1318,False,0.1811,0.2019
abs:Chlc3,Rrs,abs,Chlc3,0.7138,0.1499,0.676,null_GSM,0.7298,-0.016,0.51,False,0.4285,0.73,null_GSM,0.5841,-0.1556,-0.2541,0.0263,False,,
ratio:Chlc3,Rrs,ratio,Chlc3,0.5323,0.1056,0.5323,null_GSM,0.3398,0.1925,0.93,True,0.2556,0.2556,null_GSM,0.1968,0.0589,-0.0852,0.1812,False,0.2533,0.3028
abs:Neo,Rrs,abs,Neo,0.4508,0.2355,0.3668,null_GSM,0.5163,-0.0655,0.35,False,0.2028,0.4412,null_GSM,0.2335,-0.0307,-0.1332,0.1503,False,,
ratio:Neo,Rrs,ratio,Neo,0.3609,0.1297,0.3609,null_OC4,0.1954,0.1656,0.88,False,0.2164,0.2164,null_GSM,0.0384,0.1779,0.0306,0.2826,True,0.2932,0.3374
abs:Viola,Rrs,abs,Viola,0.4128,0.2247,0.3901,null_GSM,0.5194,-0.1066,0.27,False,0.132,0.4301,null_GSM,0.2237,-0.0916,-0.1942,0.0745,False,,
ratio:Viola,Rrs,ratio,Viola,0.2225,0.105,0.2225,null_GSM,0.0422,0.1803,0.96,True,0.0202,0.0202,null_OC4,0.2864,-0.2662,-0.4477,-0.1146,False,0.3421,0.3305
abs:Tchla,Rrs_d2,abs,Tchla,0.7008,0.1213,0.439,null_GSM,0.8109,-0.1101,0.22,False,0.4716,0.3117,null_GSM,0.6554,-0.1838,-0.3016,-0.0482,False,,
abs:HexFuco,Rrs_d2,abs,HexFuco,0.4533,0.1186,0.4856,null_GSM,0.6057,-0.1524,0.24,False,0.1322,0.3364,null_GSM,0.3879,-0.2557,-0.3917,-0.1038,False,,
ratio:HexFuco,Rrs_d2,ratio,HexFuco,0.2181,0.1075,0.2181,null_OC4,0.0612,0.1568,0.93,True,0.0107,0.0107,null_GSM,0.2063,-0.1957,-0.3179,-0.0738,False,0.2669,0.2479
abs:ButFuco,Rrs_d2,abs,ButFuco,0.491,0.1493,0.5134,null_GSM,0.5218,-0.0308,0.49,False,0.1797,0.344,null_GSM,0.3225,-0.1428,-0.2859,0.0414,False,,
ratio:ButFuco,Rrs_d2,ratio,ButFuco,0.1902,0.11,0.1902,null_OC4,0.0628,0.1274,0.84,False,0.0304,0.0304,null_GSM,0.0812,-0.0508,-0.1925,0.0593,False,0.3005,0.3004
abs:Allo,Rrs_d2,abs,Allo,0.3952,0.1311,0.3356,null_GSM,0.4726,-0.0774,0.3,False,0.0589,0.2581,null_GSM,0.1701,-0.1113,-0.2691,-0.0019,False,,
ratio:Allo,Rrs_d2,ratio,Allo,0.2551,0.1352,0.2551,null_OC4,0.0459,0.2092,0.93,True,0.012,0.012,null_GSM,0.2011,-0.1891,-0.2933,-0.0614,False,0.4193,0.4171
abs:Fuco,Rrs_d2,abs,Fuco,0.607,0.1505,0.4795,null_GSM,0.716,-0.109,0.22,False,0.3928,0.3846,null_GSM,0.5606,-0.1678,-0.3541,0.0461,False,,
ratio:Fuco,Rrs_d2,ratio,Fuco,0.6064,0.0959,0.6064,null_OC4,0.3811,0.2253,1.0,True,0.4221,0.4221,null_OC4,0.3106,0.1115,0.0274,0.1997,True,0.2761,0.3696
abs:Perid,Rrs_d2,abs,Perid,0.5137,0.1192,0.4668,null_OC4,0.604,-0.0903,0.21,False,0.4236,0.4624,null_OC4,0.5036,-0.08,-0.1995,0.0203,False,,
ratio:Perid,Rrs_d2,ratio,Perid,0.2534,0.106,0.2534,null_GSM,0.1862,0.0672,0.83,False,0.0479,0.0479,null_GSM,0.0791,-0.0312,-0.0962,0.0184,False,0.3055,0.3271
abs:Zea,Rrs_d2,abs,Zea,0.3472,0.1023,0.3627,null_GSM,0.2038,0.1435,0.88,False,0.0245,0.0247,null_GSM,0.0246,-0.0001,-0.0597,0.0551,False,,
ratio:Zea,Rrs_d2,ratio,Zea,0.5297,0.0851,0.5297,null_OC4,0.418,0.1117,0.86,False,0.2711,0.2711,null_OC4,0.3489,-0.0778,-0.1643,0.0071,False,0.4773,0.5435
abs:DVchla,Rrs_d2,abs,DVchla,0.4285,0.1218,0.3405,null_GSM,0.0559,0.3726,1.0,True,0.0327,0.0146,null_GSM,0.2138,-0.1811,-0.2553,-0.0817,False,,
ratio:DVchla,Rrs_d2,ratio,DVchla,0.6268,0.092,0.6268,null_OC4,0.4185,0.2084,0.99,True,0.2917,0.2917,null_OC4,0.3194,-0.0277,-0.1103,0.0502,False,0.8117,0.9777
abs:MVchlb,Rrs_d2,abs,MVchlb,0.4393,0.1528,0.4603,null_GSM,0.6175,-0.1782,0.19,False,0.1553,0.4417,null_GSM,0.3718,-0.2166,-0.343,-0.0475,False,,
ratio:MVchlb,Rrs_d2,ratio,MVchlb,0.189,0.0957,0.189,null_OC4,0.1656,0.0234,0.62,False,0.0038,0.0038,null_OC4,0.0416,-0.0378,-0.0989,0.004,False,0.3642,0.3541
abs:Chlc12,Rrs_d2,abs,Chlc12,0.6182,0.1054,0.5094,null_GSM,0.7769,-0.1587,0.11,False,0.2852,0.4386,null_GSM,0.5389,-0.2537,-0.3833,-0.1238,False,,
ratio:Chlc12,Rrs_d2,ratio,Chlc12,0.4332,0.1104,0.4332,null_OC4,0.3377,0.0955,0.92,True,0.2882,0.2882,null_OC4,0.2699,0.0182,-0.0349,0.0761,False,0.173,0.2019
abs:Chlc3,Rrs_d2,abs,Chlc3,0.5839,0.1156,0.5716,null_GSM,0.7298,-0.1458,0.22,False,0.2552,0.4849,null_GSM,0.5841,-0.3289,-0.4668,-0.0783,False,,
ratio:Chlc3,Rrs_d2,ratio,Chlc3,0.5554,0.0902,0.5554,null_GSM,0.3398,0.2156,1.0,True,0.2865,0.2865,null_GSM,0.1968,0.0897,-0.0194,0.1806,False,0.2386,0.3028
abs:Neo,Rrs_d2,abs,Neo,0.4103,0.1589,0.3404,null_GSM,0.5163,-0.106,0.22,False,0.1066,0.3128,null_GSM,0.2335,-0.1269,-0.2373,-0.0247,False,,
ratio:Neo,Rrs_d2,ratio,Neo,0.3483,0.1188,0.3483,null_OC4,0.1954,0.1529,0.94,True,0.1754,0.1754,null_GSM,0.0384,0.1369,0.0008,0.2383,True,0.3016,0.3374
abs:Viola,Rrs_d2,abs,Viola,0.3943,0.1516,0.4047,null_GSM,0.5194,-0.1252,0.22,False,0.0806,0.3253,null_GSM,0.2237,-0.1431,-0.2644,-0.0142,False,,
ratio:Viola,Rrs_d2,ratio,Viola,0.1328,0.0786,0.1328,null_GSM,0.0422,0.0906,0.88,False,0.0775,0.0775,null_OC4,0.2864,-0.2089,-0.3933,-0.0424,False,0.372,0.3305
abs:Tchla,dRrs,abs,Tchla,0.7421,0.1704,0.4926,null_GSM,0.8109,-0.0687,0.36,False,0.6593,0.3978,null_GSM,0.6554,0.0039,-0.3216,0.187,False,,
abs:HexFuco,dRrs,abs,HexFuco,0.6158,0.1976,0.4804,null_GSM,0.6057,0.0101,0.54,False,0.5096,0.2376,null_GSM,0.3879,0.1217,-0.1999,0.2691,False,,
ratio:HexFuco,dRrs,ratio,HexFuco,0.3454,0.1232,0.3454,null_OC4,0.0612,0.2842,0.94,True,0.014,0.014,null_GSM,0.2063,-0.1923,-0.3322,-0.0588,False,0.3214,0.2479
abs:ButFuco,dRrs,abs,ButFuco,0.6272,0.2043,0.5126,null_GSM,0.5218,0.1054,0.78,False,0.4642,0.267,null_GSM,0.3225,0.1417,-0.0874,0.2446,False,,
ratio:ButFuco,dRrs,ratio,ButFuco,0.2081,0.1252,0.2081,null_OC4,0.0628,0.1453,0.83,False,0.0001,0.0001,null_GSM,0.0812,-0.0811,-0.2056,-0.0074,False,0.4072,0.3004
abs:Allo,dRrs,abs,Allo,0.5236,0.2026,0.4232,null_GSM,0.4726,0.051,0.54,False,0.2039,0.321,null_GSM,0.1701,0.0338,-0.1395,0.1731,False,,
ratio:Allo,dRrs,ratio,Allo,0.4117,0.1455,0.4117,null_OC4,0.0459,0.3658,1.0,True,0.209,0.209,null_GSM,0.2011,0.0079,-0.1599,0.1814,False,0.4017,0.4171
abs:Fuco,dRrs,abs,Fuco,0.6689,0.2191,0.5823,null_GSM,0.716,-0.0471,0.51,False,0.5261,0.4404,null_GSM,0.5606,-0.0345,-0.4235,0.1973,False,,
ratio:Fuco,dRrs,ratio,Fuco,0.6881,0.0885,0.6881,null_OC4,0.3811,0.307,0.99,True,0.4994,0.4994,null_OC4,0.3106,0.1889,0.0638,0.3137,True,0.2612,0.3696
abs:Perid,dRrs,abs,Perid,0.4025,0.1733,0.4381,null_OC4,0.604,-0.2014,0.18,False,0.0625,0.2435,null_OC4,0.5036,-0.4411,-0.6429,-0.2549,False,,
ratio:Perid,dRrs,ratio,Perid,0.4058,0.1186,0.4058,null_GSM,0.1862,0.2196,0.98,True,0.1156,0.1156,null_GSM,0.0791,0.0365,-0.0667,0.138,False,0.2947,0.3271
abs:Zea,dRrs,abs,Zea,0.41,0.1398,0.4014,null_GSM,0.2038,0.2062,0.86,False,0.2472,0.3567,null_GSM,0.0246,0.2226,0.1117,0.3718,True,,
ratio:Zea,dRrs,ratio,Zea,0.6832,0.084,0.6832,null_OC4,0.418,0.2652,0.95,True,0.4436,0.4436,null_OC4,0.3489,0.0947,-0.0063,0.2097,False,0.4192,0.5435
abs:DVchla,dRrs,abs,DVchla,0.6564,0.0916,0.5039,null_GSM,0.0559,0.6005,1.0,True,0.2715,0.1626,null_GSM,0.2138,0.0577,-0.0713,0.2042,False,,
ratio:DVchla,dRrs,ratio,DVchla,0.7274,0.0801,0.7274,null_OC4,0.4185,0.3089,0.99,True,0.4331,0.4331,null_OC4,0.3194,0.1137,-0.0053,0.232,False,0.735,0.9777
abs:MVchlb,dRrs,abs,MVchlb,0.5393,0.1968,0.4735,null_GSM,0.6175,-0.0782,0.32,False,0.2538,0.2772,null_GSM,0.3718,-0.118,-0.2697,0.1216,False,,
ratio:MVchlb,dRrs,ratio,MVchlb,0.2173,0.1311,0.2173,null_OC4,0.1656,0.0517,0.62,False,0.0461,0.0461,null_OC4,0.0416,0.0045,-0.0662,0.0792,False,0.395,0.3541
abs:Chlc12,dRrs,abs,Chlc12,0.7088,0.1748,0.5874,null_GSM,0.7769,-0.0681,0.37,False,0.6578,0.5213,null_GSM,0.5389,0.1189,-0.3317,0.2457,False,,
ratio:Chlc12,dRrs,ratio,Chlc12,0.5619,0.1242,0.5619,null_OC4,0.3377,0.2243,0.97,True,0.3697,0.3697,null_OC4,0.2699,0.0998,-0.0045,0.1974,False,0.1625,0.2019
abs:Chlc3,dRrs,abs,Chlc3,0.7048,0.1667,0.5707,null_GSM,0.7298,-0.0249,0.47,False,0.5286,0.2581,null_GSM,0.5841,-0.0555,-0.2774,0.0481,False,,
ratio:Chlc3,dRrs,ratio,Chlc3,0.5654,0.1253,0.5654,null_GSM,0.3398,0.2256,0.95,True,0.0064,0.0064,null_GSM,0.1968,-0.1904,-0.3138,-0.0946,False,0.3768,0.3028
abs:Neo,dRrs,abs,Neo,0.5918,0.206,0.4617,null_GSM,0.5163,0.0756,0.67,False,0.3815,0.4239,null_GSM,0.2335,0.148,-0.0111,0.4537,False,,
ratio:Neo,dRrs,ratio,Neo,0.4635,0.1378,0.4635,null_OC4,0.1954,0.2681,0.95,True,0.235,0.235,null_GSM,0.0384,0.1966,0.03,0.3327,True,0.3239,0.3374
abs:Viola,dRrs,abs,Viola,0.5432,0.2067,0.4715,null_GSM,0.5194,0.0238,0.53,False,0.2239,0.3612,null_GSM,0.2237,0.0002,-0.1026,0.2449,False,,
ratio:Viola,dRrs,ratio,Viola,0.2565,0.1182,0.2565,null_GSM,0.0422,0.2143,0.98,True,0.0229,0.0229,null_OC4,0.2864,-0.2635,-0.4339,-0.1205,False,0.3544,0.3305
abs:Tchla,dRrs_d2,abs,Tchla,0.7198,0.1231,0.4288,null_GSM,0.8109,-0.091,0.22,False,0.4449,0.3039,null_GSM,0.6554,-0.2105,-0.3464,-0.06,False,,
abs:HexFuco,dRrs_d2,abs,HexFuco,0.4757,0.1328,0.4924,null_GSM,0.6057,-0.13,0.3,False,0.1218,0.314,null_GSM,0.3879,-0.266,-0.4128,-0.0938,False,,
ratio:HexFuco,dRrs_d2,ratio,HexFuco,0.1788,0.108,0.1788,null_OC4,0.0612,0.1176,0.89,False,0.034,0.034,null_GSM,0.2063,-0.1723,-0.2933,-0.062,False,0.2764,0.2479
abs:ButFuco,dRrs_d2,abs,ButFuco,0.5011,0.1561,0.5204,null_GSM,0.5218,-0.0208,0.53,False,0.1626,0.3317,null_GSM,0.3225,-0.1599,-0.3003,0.0255,False,,
ratio:ButFuco,dRrs_d2,ratio,ButFuco,0.1777,0.1175,0.1777,null_OC4,0.0628,0.1149,0.8,False,0.0048,0.0048,null_GSM,0.0812,-0.0764,-0.2012,0.0087,False,0.3055,0.3004
abs:Allo,dRrs_d2,abs,Allo,0.3813,0.1575,0.338,null_GSM,0.4726,-0.0913,0.33,False,0.0641,0.2024,null_GSM,0.1701,-0.1061,-0.2625,-0.0202,False,,
ratio:Allo,dRrs_d2,ratio,Allo,0.3122,0.132,0.3122,null_OC4,0.0459,0.2663,0.99,True,0.0812,0.0812,null_GSM,0.2011,-0.1199,-0.2476,0.0114,False,0.4004,0.4171
abs:Fuco,dRrs_d2,abs,Fuco,0.6069,0.1514,0.5145,null_GSM,0.716,-0.1091,0.21,False,0.3238,0.4971,null_GSM,0.5606,-0.2368,-0.4215,-0.0045,False,,
ratio:Fuco,dRrs_d2,ratio,Fuco,0.6106,0.098,0.6106,null_OC4,0.3811,0.2295,1.0,True,0.3966,0.3966,null_OC4,0.3106,0.086,-0.0026,0.1762,False,0.2854,0.3696
abs:Perid,dRrs_d2,abs,Perid,0.549,0.1065,0.504,null_OC4,0.604,-0.055,0.34,False,0.4499,0.4665,null_OC4,0.5036,-0.0537,-0.2396,0.0902,False,,
ratio:Perid,dRrs_d2,ratio,Perid,0.2911,0.1102,0.2911,null_GSM,0.1862,0.105,0.83,False,0.0854,0.0854,null_GSM,0.0791,0.0064,-0.0759,0.082,False,0.3031,0.3271
abs:Zea,dRrs_d2,abs,Zea,0.3656,0.103,0.3577,null_GSM,0.2038,0.1618,0.87,False,0.0115,0.0207,null_GSM,0.0246,-0.0131,-0.0782,0.0318,False,,
ratio:Zea,dRrs_d2,ratio,Zea,0.5733,0.0838,0.5733,null_OC4,0.418,0.1553,0.9,True,0.3394,0.3394,null_OC4,0.3489,-0.0095,-0.101,0.0825,False,0.4411,0.5435
abs:DVchla,dRrs_d2,abs,DVchla,0.4825,0.1276,0.3536,null_GSM,0.0559,0.4266,1.0,True,0.0371,0.0137,null_GSM,0.2138,-0.1767,-0.2557,-0.0786,False,,
ratio:DVchla,dRrs_d2,ratio,DVchla,0.6868,0.0869,0.6868,null_OC4,0.4185,0.2683,1.0,True,0.3552,0.3552,null_OC4,0.3194,0.0358,-0.0479,0.1162,False,0.771,0.9777
abs:MVchlb,dRrs_d2,abs,MVchlb,0.4379,0.1774,0.4309,null_GSM,0.6175,-0.1796,0.18,False,0.1508,0.4551,null_GSM,0.3718,-0.2211,-0.3571,-0.025,False,,
ratio:MVchlb,dRrs_d2,ratio,MVchlb,0.2387,0.1183,0.2387,null_OC4,0.1656,0.0732,0.74,False,0.0317,0.0317,null_OC4,0.0416,-0.01,-0.0609,0.0305,False,0.3468,0.3541
abs:Chlc12,dRrs_d2,abs,Chlc12,0.6422,0.1148,0.5157,null_GSM,0.7769,-0.1347,0.18,False,0.2926,0.5488,null_GSM,0.5389,-0.2463,-0.3768,-0.088,False,,
ratio:Chlc12,dRrs_d2,ratio,Chlc12,0.4418,0.1131,0.4418,null_OC4,0.3377,0.1042,0.94,True,0.285,0.285,null_OC4,0.2699,0.015,-0.0458,0.0832,False,0.1711,0.2019
abs:Chlc3,dRrs_d2,abs,Chlc3,0.6192,0.1159,0.5692,null_GSM,0.7298,-0.1106,0.31,False,0.2359,0.3405,null_GSM,0.5841,-0.3482,-0.4881,-0.1115,False,,
ratio:Chlc3,dRrs_d2,ratio,Chlc3,0.5454,0.0932,0.5454,null_GSM,0.3398,0.2056,0.98,True,0.172,0.172,null_GSM,0.1968,-0.0247,-0.1368,0.072,False,0.2652,0.3028
abs:Neo,dRrs_d2,abs,Neo,0.4287,0.1896,0.3577,null_GSM,0.5163,-0.0876,0.34,False,0.1075,0.2835,null_GSM,0.2335,-0.126,-0.2246,-0.0171,False,,
ratio:Neo,dRrs_d2,ratio,Neo,0.38,0.1163,0.38,null_OC4,0.1954,0.1846,0.91,True,0.1995,0.1995,null_GSM,0.0384,0.1611,0.0134,0.2716,True,0.3002,0.3374
abs:Viola,dRrs_d2,abs,Viola,0.3843,0.192,0.3893,null_GSM,0.5194,-0.1351,0.28,False,0.0814,0.3523,null_GSM,0.2237,-0.1423,-0.2522,-0.0059,False,,
ratio:Viola,dRrs_d2,ratio,Viola,0.1669,0.0914,0.1669,null_GSM,0.0422,0.1247,0.92,True,0.0126,0.0126,null_OC4,0.2864,-0.2738,-0.4473,-0.1287,False,0.3539,0.3305
abs:Tchla,M1,abs,Tchla,0.7659,0.1606,0.5057,null_GSM,0.8109,-0.0449,0.4,False,0.6998,0.4884,null_GSM,0.6554,0.0444,-0.2003,0.2026,False,,
abs:HexFuco,M1,abs,HexFuco,0.6345,0.1998,0.5442,null_GSM,0.6057,0.0288,0.6,False,0.516,0.5251,null_GSM,0.3879,0.1281,-0.1954,0.2818,False,,
ratio:HexFuco,M1,ratio,HexFuco,0.4018,0.1243,0.4018,null_OC4,0.0612,0.3406,1.0,True,0.209,0.209,null_GSM,0.2063,0.0027,-0.209,0.2353,False,0.2192,0.2479
abs:ButFuco,M1,abs,ButFuco,0.651,0.2188,0.5943,null_GSM,0.5218,0.1292,0.79,False,0.5625,0.4283,null_GSM,0.3225,0.24,-0.0277,0.3518,False,,
ratio:ButFuco,M1,ratio,ButFuco,0.3571,0.1394,0.3571,null_OC4,0.0628,0.2943,0.98,True,0.1789,0.1789,null_GSM,0.0812,0.0978,-0.1099,0.3045,False,0.2722,0.3004
abs:Allo,M1,abs,Allo,0.5039,0.2289,0.4034,null_GSM,0.4726,0.0313,0.52,False,0.2441,0.4094,null_GSM,0.1701,0.074,-0.1206,0.2261,False,,
ratio:Allo,M1,ratio,Allo,0.39,0.1581,0.39,null_OC4,0.0459,0.3441,0.99,True,0.1598,0.1598,null_GSM,0.2011,-0.0412,-0.1897,0.1126,False,0.3921,0.4171
abs:Fuco,M1,abs,Fuco,0.7422,0.194,0.4941,null_GSM,0.716,0.0262,0.62,False,0.7424,0.601,null_GSM,0.5606,0.1817,-0.0528,0.3139,False,,
ratio:Fuco,M1,ratio,Fuco,0.6445,0.089,0.6445,null_OC4,0.3811,0.2634,0.98,True,0.556,0.556,null_OC4,0.3106,0.2454,0.136,0.3497,True,0.2424,0.3696
abs:Perid,M1,abs,Perid,0.4983,0.1478,0.4791,null_OC4,0.604,-0.1057,0.2,False,0.256,0.4067,null_OC4,0.5036,-0.2476,-0.3749,-0.0923,False,,
ratio:Perid,M1,ratio,Perid,0.3631,0.1288,0.3631,null_GSM,0.1862,0.177,0.88,False,0.1285,0.1285,null_GSM,0.0791,0.0494,-0.0387,0.1425,False,0.298,0.3271
abs:Zea,M1,abs,Zea,0.3861,0.1362,0.4155,null_GSM,0.2038,0.1824,0.83,False,0.0908,0.2337,null_GSM,0.0246,0.0662,-0.0193,0.1846,False,,
ratio:Zea,M1,ratio,Zea,0.6401,0.0927,0.6401,null_OC4,0.418,0.2222,0.91,True,0.4087,0.4087,null_OC4,0.3489,0.0599,-0.0688,0.2082,False,0.4684,0.5435
abs:DVchla,M1,abs,DVchla,0.5479,0.128,0.4553,null_GSM,0.0559,0.492,1.0,True,0.1134,0.0472,null_GSM,0.2138,-0.1004,-0.2045,0.0482,False,,
ratio:DVchla,M1,ratio,DVchla,0.6929,0.0912,0.6929,null_OC4,0.4185,0.2744,0.99,True,0.4874,0.4874,null_OC4,0.3194,0.168,0.0763,0.2591,True,0.6868,0.9777
abs:MVchlb,M1,abs,MVchlb,0.4985,0.2159,0.4903,null_GSM,0.6175,-0.119,0.32,False,0.2553,0.5346,null_GSM,0.3718,-0.1165,-0.2791,0.1762,False,,
ratio:MVchlb,M1,ratio,MVchlb,0.3101,0.1313,0.3101,null_OC4,0.1656,0.1445,0.87,False,0.1554,0.1554,null_OC4,0.0416,0.1138,0.0407,0.1857,True,0.3226,0.3541
abs:Chlc12,M1,abs,Chlc12,0.7468,0.1683,0.5768,null_GSM,0.7769,-0.03,0.48,False,0.5537,0.6658,null_GSM,0.5389,0.0148,-0.2582,0.1205,False,,
ratio:Chlc12,M1,ratio,Chlc12,0.5134,0.1198,0.5134,null_OC4,0.3377,0.1757,0.98,True,0.4042,0.4042,null_OC4,0.2699,0.1343,0.0534,0.2148,True,0.1537,0.2019
abs:Chlc3,M1,abs,Chlc3,0.7339,0.1604,0.6404,null_GSM,0.7298,0.0041,0.55,False,0.6622,0.628,null_GSM,0.5841,0.0781,-0.1859,0.1646,False,,
ratio:Chlc3,M1,ratio,Chlc3,0.5281,0.1024,0.5281,null_GSM,0.3398,0.1882,0.95,True,0.0825,0.0825,null_GSM,0.1968,-0.1143,-0.2451,-0.0056,False,0.3333,0.3028
abs:Neo,M1,abs,Neo,0.5152,0.2398,0.3858,null_GSM,0.5163,-0.001,0.47,False,0.2711,0.3976,null_GSM,0.2335,0.0376,-0.108,0.3148,False,,
ratio:Neo,M1,ratio,Neo,0.4145,0.1271,0.4145,null_OC4,0.1954,0.2191,0.94,True,0.2845,0.2845,null_GSM,0.0384,0.2461,0.1088,0.3508,True,0.2817,0.3374
abs:Viola,M1,abs,Viola,0.5008,0.2234,0.4552,null_GSM,0.5194,-0.0187,0.49,False,0.2162,0.4696,null_GSM,0.2237,-0.0075,-0.1324,0.3029,False,,
ratio:Viola,M1,ratio,Viola,0.2174,0.0991,0.2174,null_GSM,0.0422,0.1752,0.93,True,0.0022,0.0022,null_OC4,0.2864,-0.2842,-0.4573,-0.1328,False,0.3913,0.3305
abs:Tchla,M3_w7,abs,Tchla,0.7319,0.1487,0.5006,null_GSM,0.8109,-0.0789,0.27,False,0.5156,0.4202,null_GSM,0.6554,-0.1398,-0.3037,-0.0053,False,,
abs:HexFuco,M3_w7,abs,HexFuco,0.5826,0.1665,0.5161,null_GSM,0.6057,-0.0231,0.53,False,0.1824,0.3505,null_GSM,0.3879,-0.2055,-0.3506,-0.0712,False,,
ratio:HexFuco,M3_w7,ratio,HexFuco,0.3129,0.1219,0.3129,null_OC4,0.0612,0.2517,0.99,True,0.0525,0.0525,null_GSM,0.2063,-0.1538,-0.3313,0.0531,False,0.2622,0.2479
abs:ButFuco,M3_w7,abs,ButFuco,0.6071,0.19,0.5499,null_GSM,0.5218,0.0852,0.74,False,0.2815,0.325,null_GSM,0.3225,-0.0409,-0.1728,0.0567,False,,
ratio:ButFuco,M3_w7,ratio,ButFuco,0.2096,0.119,0.2096,null_OC4,0.0628,0.1468,0.92,True,0.0464,0.0464,null_GSM,0.0812,-0.0347,-0.1879,0.1108,False,0.3131,0.3004
abs:Allo,M3_w7,abs,Allo,0.4159,0.1662,0.3761,null_GSM,0.4726,-0.0567,0.33,False,0.0712,0.291,null_GSM,0.1701,-0.0989,-0.2554,-0.014,False,,
ratio:Allo,M3_w7,ratio,Allo,0.3126,0.1445,0.3126,null_OC4,0.0459,0.2667,0.99,True,0.0749,0.0749,null_GSM,0.2011,-0.1261,-0.2541,0.0236,False,0.4065,0.4171
abs:Fuco,M3_w7,abs,Fuco,0.673,0.1712,0.5403,null_GSM,0.716,-0.043,0.37,False,0.4343,0.4443,null_GSM,0.5606,-0.1263,-0.3076,0.0613,False,,
ratio:Fuco,M3_w7,ratio,Fuco,0.618,0.0894,0.618,null_OC4,0.3811,0.2369,0.99,True,0.5446,0.5446,null_OC4,0.3106,0.234,0.1413,0.324,True,0.2407,0.3696
abs:Perid,M3_w7,abs,Perid,0.5154,0.1257,0.4688,null_OC4,0.604,-0.0886,0.24,False,0.4157,0.3929,null_OC4,0.5036,-0.0879,-0.2072,0.0256,False,,
ratio:Perid,M3_w7,ratio,Perid,0.3163,0.1118,0.3163,null_GSM,0.1862,0.1302,0.9,True,0.1598,0.1598,null_GSM,0.0791,0.0807,-0.0174,0.1753,False,0.2841,0.3271
abs:Zea,M3_w7,abs,Zea,0.363,0.1095,0.3718,null_GSM,0.2038,0.1593,0.87,False,0.0566,0.0823,null_GSM,0.0246,0.032,-0.041,0.1154,False,,
ratio:Zea,M3_w7,ratio,Zea,0.5906,0.0769,0.5906,null_OC4,0.418,0.1726,0.92,True,0.352,0.352,null_OC4,0.3489,0.0031,-0.1041,0.1022,False,0.4489,0.5435
abs:DVchla,M3_w7,abs,DVchla,0.5162,0.1215,0.4203,null_GSM,0.0559,0.4602,1.0,True,0.1352,0.0849,null_GSM,0.2138,-0.0786,-0.1844,0.052,False,,
ratio:DVchla,M3_w7,ratio,DVchla,0.6587,0.0871,0.6587,null_OC4,0.4185,0.2403,0.99,True,0.3373,0.3373,null_OC4,0.3194,0.0179,-0.0807,0.1122,False,0.7886,0.9777
abs:MVchlb,M3_w7,abs,MVchlb,0.4641,0.1759,0.4863,null_GSM,0.6175,-0.1533,0.22,False,0.189,0.5322,null_GSM,0.3718,-0.1828,-0.3189,0.0064,False,,
ratio:MVchlb,M3_w7,ratio,MVchlb,0.2007,0.0981,0.2007,null_OC4,0.1656,0.0351,0.67,False,0.0264,0.0264,null_OC4,0.0416,-0.0153,-0.0682,0.0233,False,0.3552,0.3541
abs:Chlc12,M3_w7,abs,Chlc12,0.6914,0.1407,0.5608,null_GSM,0.7769,-0.0855,0.27,False,0.3253,0.4503,null_GSM,0.5389,-0.2136,-0.391,-0.0949,False,,
ratio:Chlc12,M3_w7,ratio,Chlc12,0.4735,0.1158,0.4735,null_OC4,0.3377,0.1359,0.99,True,0.3033,0.3033,null_OC4,0.2699,0.0334,-0.043,0.1167,False,0.1735,0.2019
abs:Chlc3,M3_w7,abs,Chlc3,0.6824,0.1434,0.5878,null_GSM,0.7298,-0.0474,0.43,False,0.4177,0.4193,null_GSM,0.5841,-0.1664,-0.3209,-0.0214,False,,
ratio:Chlc3,M3_w7,ratio,Chlc3,0.5011,0.1067,0.5011,null_GSM,0.3398,0.1612,0.95,True,0.1931,0.1931,null_GSM,0.1968,-0.0037,-0.1366,0.1028,False,0.2769,0.3028
abs:Neo,M3_w7,abs,Neo,0.4365,0.1984,0.3703,null_GSM,0.5163,-0.0798,0.34,False,0.1077,0.3412,null_GSM,0.2335,-0.1258,-0.2574,-0.0287,False,,
ratio:Neo,M3_w7,ratio,Neo,0.3447,0.1198,0.3447,null_OC4,0.1954,0.1493,0.89,False,0.2392,0.2392,null_GSM,0.0384,0.2007,0.067,0.3079,True,0.2901,0.3374
abs:Viola,M3_w7,abs,Viola,0.4225,0.177,0.4197,null_GSM,0.5194,-0.097,0.31,False,0.1052,0.421,null_GSM,0.2237,-0.1185,-0.2139,0.0261,False,,
ratio:Viola,M3_w7,ratio,Viola,0.1515,0.0819,0.1515,null_GSM,0.0422,0.1093,0.92,True,0.0009,0.0009,null_OC4,0.2864,-0.2855,-0.4569,-0.1423,False,0.3694,0.3305
abs:Tchla,M3_w11,abs,Tchla,0.7497,0.1453,0.5197,null_GSM,0.8109,-0.0612,0.33,False,0.5921,0.4355,null_GSM,0.6554,-0.0633,-0.2333,0.0708,False,,
abs:HexFuco,M3_w11,abs,HexFuco,0.6085,0.1728,0.5143,null_GSM,0.6057,0.0029,0.6,False,0.338,0.3529,null_GSM,0.3879,-0.0499,-0.2331,0.0469,False,,
ratio:HexFuco,M3_w11,ratio,HexFuco,0.3561,0.132,0.3561,null_OC4,0.0612,0.2949,0.98,True,0.0986,0.0986,null_GSM,0.2063,-0.1078,-0.2954,0.1077,False,0.2481,0.2479
abs:ButFuco,M3_w11,abs,ButFuco,0.6124,0.1963,0.5476,null_GSM,0.5218,0.0905,0.74,False,0.4077,0.3386,null_GSM,0.3225,0.0853,-0.0725,0.1661,False,,
ratio:ButFuco,M3_w11,ratio,ButFuco,0.2805,0.1338,0.2805,null_OC4,0.0628,0.2177,0.97,True,0.1016,0.1016,null_GSM,0.0812,0.0205,-0.1578,0.1897,False,0.296,0.3004
abs:Allo,M3_w11,abs,Allo,0.4337,0.169,0.398,null_GSM,0.4726,-0.0389,0.39,False,0.1015,0.3313,null_GSM,0.1701,-0.0686,-0.2142,0.0324,False,,
ratio:Allo,M3_w11,ratio,Allo,0.3379,0.155,0.3379,null_OC4,0.0459,0.292,0.99,True,0.1047,0.1047,null_GSM,0.2011,-0.0964,-0.2309,0.0532,False,0.4089,0.4171
abs:Fuco,M3_w11,abs,Fuco,0.7026,0.1875,0.5333,null_GSM,0.716,-0.0134,0.44,False,0.5299,0.5021,null_GSM,0.5606,-0.0307,-0.1996,0.1196,False,,
ratio:Fuco,M3_w11,ratio,Fuco,0.626,0.0838,0.626,null_OC4,0.3811,0.2449,0.99,True,0.5411,0.5411,null_OC4,0.3106,0.2306,0.1324,0.3254,True,0.2433,0.3696
abs:Perid,M3_w11,abs,Perid,0.5232,0.1318,0.4786,null_OC4,0.604,-0.0808,0.26,False,0.3947,0.4729,null_OC4,0.5036,-0.1089,-0.2178,0.0084,False,,
ratio:Perid,M3_w11,ratio,Perid,0.3455,0.1185,0.3455,null_GSM,0.1862,0.1593,0.93,True,0.2306,0.2306,null_GSM,0.0791,0.1515,0.0535,0.2446,True,0.272,0.3271
abs:Zea,M3_w11,abs,Zea,0.392,0.1162,0.3941,null_GSM,0.2038,0.1882,0.89,False,0.079,0.1351,null_GSM,0.0246,0.0544,-0.0274,0.1646,False,,
ratio:Zea,M3_w11,ratio,Zea,0.6244,0.0854,0.6244,null_OC4,0.418,0.2064,0.93,True,0.3924,0.3924,null_OC4,0.3489,0.0435,-0.0616,0.1627,False,0.4483,0.5435
abs:DVchla,M3_w11,abs,DVchla,0.5269,0.1201,0.4649,null_GSM,0.0559,0.471,1.0,True,0.1152,0.0674,null_GSM,0.2138,-0.0986,-0.1994,0.0331,False,,
ratio:DVchla,M3_w11,ratio,DVchla,0.6844,0.0837,0.6844,null_OC4,0.4185,0.2659,0.99,True,0.4052,0.4052,null_OC4,0.3194,0.0858,-0.0195,0.1817,False,0.7421,0.9777
abs:MVchlb,M3_w11,abs,MVchlb,0.4688,0.1826,0.4867,null_GSM,0.6175,-0.1487,0.21,False,0.2065,0.5393,null_GSM,0.3718,-0.1654,-0.2955,0.0131,False,,
ratio:MVchlb,M3_w11,ratio,MVchlb,0.2501,0.1237,0.2501,null_OC4,0.1656,0.0845,0.81,False,0.1159,0.1159,null_OC4,0.0416,0.0743,0.0114,0.1456,True,0.3271,0.3541
abs:Chlc12,M3_w11,abs,Chlc12,0.7169,0.143,0.5651,null_GSM,0.7769,-0.0599,0.34,False,0.4759,0.5322,null_GSM,0.5389,-0.063,-0.2427,0.0242,False,,
ratio:Chlc12,M3_w11,ratio,Chlc12,0.4828,0.1112,0.4828,null_OC4,0.3377,0.1452,0.96,True,0.3444,0.3444,null_OC4,0.2699,0.0745,-0.0209,0.1685,False,0.1621,0.2019
abs:Chlc3,M3_w11,abs,Chlc3,0.7018,0.1423,0.6018,null_GSM,0.7298,-0.0279,0.47,False,0.5115,0.4623,null_GSM,0.5841,-0.0726,-0.21,0.0302,False,,
ratio:Chlc3,M3_w11,ratio,Chlc3,0.5207,0.1043,0.5207,null_GSM,0.3398,0.1809,0.97,True,0.1408,0.1408,null_GSM,0.1968,-0.0559,-0.1839,0.0508,False,0.2901,0.3028
abs:Neo,M3_w11,abs,Neo,0.4547,0.2057,0.3886,null_GSM,0.5163,-0.0615,0.37,False,0.1722,0.3552,null_GSM,0.2335,-0.0613,-0.1607,0.0702,False,,
ratio:Neo,M3_w11,ratio,Neo,0.3629,0.1214,0.3629,null_OC4,0.1954,0.1676,0.91,True,0.2451,0.2451,null_GSM,0.0384,0.2066,0.0726,0.312,True,0.2901,0.3374
abs:Viola,M3_w11,abs,Viola,0.4464,0.1882,0.4339,null_GSM,0.5194,-0.0731,0.33,False,0.1288,0.4731,null_GSM,0.2237,-0.0949,-0.1872,0.0347,False,,
ratio:Viola,M3_w11,ratio,Viola,0.1816,0.0854,0.1816,null_GSM,0.0422,0.1394,0.93,True,0.0024,0.0024,null_OC4,0.2864,-0.284,-0.4573,-0.134,False,0.3869,0.3305
abs:Tchla,M3_w21,abs,Tchla,0.7512,0.1569,0.5178,null_GSM,0.8109,-0.0596,0.36,False,0.6665,0.4154,null_GSM,0.6554,0.011,-0.1995,0.1541,False,,
abs:HexFuco,M3_w21,abs,HexFuco,0.6404,0.1726,0.5381,null_GSM,0.6057,0.0348,0.56,False,0.3833,0.4583,null_GSM,0.3879,-0.0046,-0.1937,0.1039,False,,
ratio:HexFuco,M3_w21,ratio,HexFuco,0.4121,0.1215,0.4121,null_OC4,0.0612,0.3508,1.0,True,0.2208,0.2208,null_GSM,0.2063,0.0145,-0.216,0.2662,False,0.217,0.2479
abs:ButFuco,M3_w21,abs,ButFuco,0.6589,0.2063,0.5821,null_GSM,0.5218,0.137,0.79,False,0.4441,0.5031,null_GSM,0.3225,0.1217,0.0189,0.2227,True,,
ratio:ButFuco,M3_w21,ratio,ButFuco,0.366,0.1439,0.366,null_OC4,0.0628,0.3031,0.99,True,0.2611,0.2611,null_GSM,0.0812,0.18,-0.0328,0.3681,False,0.2547,0.3004
abs:Allo,M3_w21,abs,Allo,0.4747,0.2066,0.4251,null_GSM,0.4726,0.0021,0.47,False,0.1717,0.3926,null_GSM,0.1701,0.0015,-0.1396,0.1111,False,,
ratio:Allo,M3_w21,ratio,Allo,0.3781,0.1365,0.3781,null_OC4,0.0459,0.3322,1.0,True,0.1589,0.1589,null_GSM,0.2011,-0.0421,-0.1865,0.1083,False,0.388,0.4171
abs:Fuco,M3_w21,abs,Fuco,0.7412,0.1965,0.5319,null_GSM,0.716,0.0252,0.62,False,0.7231,0.542,null_GSM,0.5606,0.1625,-0.0634,0.2828,False,,
ratio:Fuco,M3_w21,ratio,Fuco,0.6442,0.0888,0.6442,null_OC4,0.3811,0.2631,0.96,True,0.5493,0.5493,null_OC4,0.3106,0.2388,0.1282,0.3434,True,0.2441,0.3696
abs:Perid,M3_w21,abs,Perid,0.5194,0.1382,0.4819,null_OC4,0.604,-0.0845,0.27,False,0.3332,0.4323,null_OC4,0.5036,-0.1704,-0.29,-0.0073,False,,
ratio:Perid,M3_w21,ratio,Perid,0.3477,0.1297,0.3477,null_GSM,0.1862,0.1615,0.92,True,0.1651,0.1651,null_GSM,0.0791,0.086,-0.0071,0.1806,False,0.2942,0.3271
abs:Zea,M3_w21,abs,Zea,0.3849,0.1308,0.4443,null_GSM,0.2038,0.1811,0.86,False,0.1061,0.2691,null_GSM,0.0246,0.0815,-0.0042,0.1831,False,,
ratio:Zea,M3_w21,ratio,Zea,0.6863,0.0813,0.6863,null_OC4,0.418,0.2683,0.97,True,0.4827,0.4827,null_OC4,0.3489,0.1338,0.01,0.2673,True,0.413,0.5435
abs:DVchla,M3_w21,abs,DVchla,0.4982,0.1323,0.4509,null_GSM,0.0559,0.4423,1.0,True,0.1473,0.1669,null_GSM,0.2138,-0.0665,-0.1794,0.0807,False,,
ratio:DVchla,M3_w21,ratio,DVchla,0.7021,0.0875,0.7021,null_OC4,0.4185,0.2836,0.99,True,0.4455,0.4455,null_OC4,0.3194,0.1261,0.0368,0.2115,True,0.7297,0.9777
abs:MVchlb,M3_w21,abs,MVchlb,0.5324,0.1855,0.5184,null_GSM,0.6175,-0.085,0.32,False,0.273,0.5779,null_GSM,0.3718,-0.0988,-0.2367,0.1248,False,,
ratio:MVchlb,M3_w21,ratio,MVchlb,0.3527,0.1308,0.3527,null_OC4,0.1656,0.1871,0.95,True,0.1502,0.1502,null_OC4,0.0416,0.1086,0.0195,0.2165,True,0.3251,0.3541
abs:Chlc12,M3_w21,abs,Chlc12,0.7305,0.1725,0.556,null_GSM,0.7769,-0.0464,0.45,False,0.572,0.5789,null_GSM,0.5389,0.0331,-0.2048,0.1312,False,,
ratio:Chlc12,M3_w21,ratio,Chlc12,0.5346,0.1301,0.5346,null_OC4,0.3377,0.197,0.97,True,0.3495,0.3495,null_OC4,0.2699,0.0795,-0.0399,0.1998,False,0.1673,0.2019
abs:Chlc3,M3_w21,abs,Chlc3,0.7345,0.1456,0.6175,null_GSM,0.7298,0.0047,0.48,False,0.5557,0.5535,null_GSM,0.5841,-0.0284,-0.17,0.0777,False,,
ratio:Chlc3,M3_w21,ratio,Chlc3,0.6015,0.097,0.6015,null_GSM,0.3398,0.2617,1.0,True,0.2117,0.2117,null_GSM,0.1968,0.015,-0.1147,0.1253,False,0.2833,0.3028
abs:Neo,M3_w21,abs,Neo,0.5187,0.2145,0.4323,null_GSM,0.5163,0.0025,0.47,False,0.2819,0.4539,null_GSM,0.2335,0.0484,-0.0641,0.2516,False,,
ratio:Neo,M3_w21,ratio,Neo,0.4005,0.1196,0.4005,null_OC4,0.1954,0.2052,0.95,True,0.2763,0.2763,null_GSM,0.0384,0.2379,0.1077,0.3381,True,0.2875,0.3374
abs:Viola,M3_w21,abs,Viola,0.5123,0.1923,0.4874,null_GSM,0.5194,-0.0071,0.52,False,0.1915,0.5193,null_GSM,0.2237,-0.0322,-0.1321,0.1937,False,,
ratio:Viola,M3_w21,ratio,Viola,0.2263,0.096,0.2263,null_GSM,0.0422,0.1841,0.97,True,0.0021,0.0021,null_OC4,0.2864,-0.2843,-0.4562,-0.1398,False,0.3786,0.3305
abs:Tchla,dRrs+GSM,abs,Tchla,0.75,0.1642,0.5003,null_GSM,0.8109,-0.0609,0.37,False,0.6805,0.4386,null_GSM,0.6554,0.0251,-0.2578,0.1958,False,,
abs:HexFuco,dRrs+GSM,abs,HexFuco,0.6268,0.1941,0.4875,null_GSM,0.6057,0.0212,0.55,False,0.5458,0.3646,null_GSM,0.3879,0.158,-0.1375,0.2928,False,,
ratio:HexFuco,dRrs+GSM,ratio,HexFuco,0.3805,0.1253,0.3805,null_OC4,0.0612,0.3192,0.97,True,0.0326,0.0326,null_GSM,0.2063,-0.1737,-0.3132,-0.0408,False,0.3046,0.2479
abs:ButFuco,dRrs+GSM,abs,ButFuco,0.6362,0.2057,0.5338,null_GSM,0.5218,0.1143,0.75,False,0.4875,0.2679,null_GSM,0.3225,0.1651,-0.1034,0.2832,False,,
ratio:ButFuco,dRrs+GSM,ratio,ButFuco,0.2483,0.1319,0.2483,null_OC4,0.0628,0.1855,0.89,False,0.0039,0.0039,null_GSM,0.0812,-0.0773,-0.2035,0.0017,False,0.3715,0.3004
abs:Allo,dRrs+GSM,abs,Allo,0.5093,0.2019,0.4196,null_GSM,0.4726,0.0367,0.55,False,0.211,0.3758,null_GSM,0.1701,0.0408,-0.1263,0.1627,False,,
ratio:Allo,dRrs+GSM,ratio,Allo,0.4076,0.1408,0.4076,null_OC4,0.0459,0.3616,1.0,True,0.187,0.187,null_GSM,0.2011,-0.014,-0.1767,0.1545,False,0.3992,0.4171
abs:Fuco,dRrs+GSM,abs,Fuco,0.6609,0.2193,0.5879,null_GSM,0.716,-0.0551,0.48,False,0.5213,0.4926,null_GSM,0.5606,-0.0393,-0.4205,0.1941,False,,
ratio:Fuco,dRrs+GSM,ratio,Fuco,0.682,0.0889,0.682,null_OC4,0.3811,0.301,1.0,True,0.4327,0.4327,null_OC4,0.3106,0.1221,-0.0083,0.2547,False,0.291,0.3696
abs:Perid,dRrs+GSM,abs,Perid,0.4952,0.1642,0.4934,null_OC4,0.604,-0.1088,0.26,False,0.1851,0.3357,null_OC4,0.5036,-0.3185,-0.5183,-0.0579,False,,
ratio:Perid,dRrs+GSM,ratio,Perid,0.4093,0.1205,0.4093,null_GSM,0.1862,0.2232,0.96,True,0.1017,0.1017,null_GSM,0.0791,0.0226,-0.0875,0.1421,False,0.3034,0.3271
abs:Zea,dRrs+GSM,abs,Zea,0.3935,0.1347,0.3815,null_GSM,0.2038,0.1898,0.85,False,0.23,0.337,null_GSM,0.0246,0.2054,0.1012,0.3331,True,,
ratio:Zea,dRrs+GSM,ratio,Zea,0.6944,0.0824,0.6944,null_OC4,0.418,0.2765,0.97,True,0.41,0.41,null_OC4,0.3489,0.0611,-0.0503,0.1834,False,0.4445,0.5435
abs:DVchla,dRrs+GSM,abs,DVchla,0.6505,0.0939,0.5064,null_GSM,0.0559,0.5946,1.0,True,0.2693,0.1475,null_GSM,0.2138,0.0555,-0.0849,0.2118,False,,
ratio:DVchla,dRrs+GSM,ratio,DVchla,0.7293,0.0809,0.7293,null_OC4,0.4185,0.3108,0.99,True,0.4313,0.4313,null_OC4,0.3194,0.1119,-0.005,0.2276,False,0.7323,0.9777
abs:MVchlb,dRrs+GSM,abs,MVchlb,0.5691,0.1892,0.5176,null_GSM,0.6175,-0.0484,0.4,False,0.2567,0.5829,null_GSM,0.3718,-0.1151,-0.2538,0.1044,False,,
ratio:MVchlb,dRrs+GSM,ratio,MVchlb,0.2673,0.1449,0.2673,null_OC4,0.1656,0.1017,0.74,False,0.0919,0.0919,null_OC4,0.0416,0.0503,-0.0362,0.1523,False,0.359,0.3541
abs:Chlc12,dRrs+GSM,abs,Chlc12,0.7051,0.1797,0.5884,null_GSM,0.7769,-0.0718,0.37,False,0.6298,0.5349,null_GSM,0.5389,0.0909,-0.3336,0.2205,False,,
ratio:Chlc12,dRrs+GSM,ratio,Chlc12,0.5621,0.1242,0.5621,null_OC4,0.3377,0.2244,0.98,True,0.3695,0.3695,null_OC4,0.2699,0.0996,-0.0006,0.1916,False,0.1657,0.2019
abs:Chlc3,dRrs+GSM,abs,Chlc3,0.6992,0.1652,0.5731,null_GSM,0.7298,-0.0306,0.44,False,0.5666,0.3313,null_GSM,0.5841,-0.0175,-0.2092,0.0779,False,,
ratio:Chlc3,dRrs+GSM,ratio,Chlc3,0.5542,0.1219,0.5542,null_GSM,0.3398,0.2144,0.96,True,0.0185,0.0185,null_GSM,0.1968,-0.1783,-0.3037,-0.0836,False,0.3569,0.3028
abs:Neo,dRrs+GSM,abs,Neo,0.5977,0.2069,0.457,null_GSM,0.5163,0.0815,0.68,False,0.3427,0.4618,null_GSM,0.2335,0.1092,-0.0219,0.3787,False,,
ratio:Neo,dRrs+GSM,ratio,Neo,0.4776,0.1402,0.4776,null_OC4,0.1954,0.2822,0.93,True,0.2536,0.2536,null_GSM,0.0384,0.2152,0.0319,0.37,True,0.3219,0.3374
abs:Viola,dRrs+GSM,abs,Viola,0.5503,0.1981,0.4834,null_GSM,0.5194,0.0309,0.57,False,0.144,0.3582,null_GSM,0.2237,-0.0797,-0.1801,0.0776,False,,
ratio:Viola,dRrs+GSM,ratio,Viola,0.2538,0.1102,0.2538,null_GSM,0.0422,0.2116,0.95,True,0.029,0.029,null_OC4,0.2864,-0.2574,-0.4286,-0.1126,False,0.348,0.3305
abs:Tchla,dRrs_d2+GSM,abs,Tchla,0.7286,0.1206,0.4332,null_GSM,0.8109,-0.0822,0.24,False,0.4467,0.3147,null_GSM,0.6554,-0.2087,-0.3428,-0.0594,False,,
abs:HexFuco,dRrs_d2+GSM,abs,HexFuco,0.4891,0.1324,0.5038,null_GSM,0.6057,-0.1166,0.33,False,0.1238,0.2986,null_GSM,0.3879,-0.264,-0.4083,-0.094,False,,
ratio:HexFuco,dRrs_d2+GSM,ratio,HexFuco,0.1782,0.1056,0.1782,null_OC4,0.0612,0.1169,0.88,False,0.0241,0.0241,null_GSM,0.2063,-0.1822,-0.3047,-0.0686,False,0.2734,0.2479
abs:ButFuco,dRrs_d2+GSM,abs,ButFuco,0.5101,0.1574,0.5183,null_GSM,0.5218,-0.0118,0.55,False,0.1858,0.343,null_GSM,0.3225,-0.1366,-0.2605,0.0299,False,,
ratio:ButFuco,dRrs_d2+GSM,ratio,ButFuco,0.1796,0.116,0.1796,null_OC4,0.0628,0.1167,0.82,False,0.0074,0.0074,null_GSM,0.0812,-0.0737,-0.1982,0.0121,False,0.3053,0.3004
abs:Allo,dRrs_d2+GSM,abs,Allo,0.3917,0.1595,0.3447,null_GSM,0.4726,-0.0809,0.32,False,0.0689,0.2275,null_GSM,0.1701,-0.1013,-0.2557,-0.0145,False,,
ratio:Allo,dRrs_d2+GSM,ratio,Allo,0.3134,0.1337,0.3134,null_OC4,0.0459,0.2674,0.99,True,0.0828,0.0828,null_GSM,0.2011,-0.1183,-0.2465,0.0159,False,0.4013,0.4171
abs:Fuco,dRrs_d2+GSM,abs,Fuco,0.6143,0.153,0.5112,null_GSM,0.716,-0.1017,0.21,False,0.3296,0.5169,null_GSM,0.5606,-0.231,-0.4142,0.0005,False,,
ratio:Fuco,dRrs_d2+GSM,ratio,Fuco,0.6124,0.0968,0.6124,null_OC4,0.3811,0.2313,1.0,True,0.4,0.4,null_OC4,0.3106,0.0894,-0.0008,0.1795,False,0.2844,0.3696
abs:Perid,dRrs_d2+GSM,abs,Perid,0.5527,0.1071,0.4992,null_OC4,0.604,-0.0512,0.34,False,0.4614,0.5033,null_OC4,0.5036,-0.0422,-0.2207,0.0952,False,,
ratio:Perid,dRrs_d2+GSM,ratio,Perid,0.2934,0.1115,0.2934,null_GSM,0.1862,0.1072,0.85,False,0.0876,0.0876,null_GSM,0.0791,0.0085,-0.0741,0.0833,False,0.3028,0.3271
abs:Zea,dRrs_d2+GSM,abs,Zea,0.3737,0.1059,0.3604,null_GSM,0.2038,0.1699,0.88,False,0.015,0.0202,null_GSM,0.0246,-0.0096,-0.0721,0.0388,False,,
ratio:Zea,dRrs_d2+GSM,ratio,Zea,0.5733,0.0823,0.5733,null_OC4,0.418,0.1553,0.91,True,0.3348,0.3348,null_OC4,0.3489,-0.0141,-0.1036,0.0776,False,0.4436,0.5435
abs:DVchla,dRrs_d2+GSM,abs,DVchla,0.4927,0.1278,0.3638,null_GSM,0.0559,0.4368,1.0,True,0.0461,0.0126,null_GSM,0.2138,-0.1677,-0.2514,-0.0631,False,,
ratio:DVchla,dRrs_d2+GSM,ratio,DVchla,0.6873,0.086,0.6873,null_OC4,0.4185,0.2688,1.0,True,0.351,0.351,null_OC4,0.3194,0.0316,-0.0503,0.1103,False,0.774,0.9777
abs:MVchlb,dRrs_d2+GSM,abs,MVchlb,0.4444,0.177,0.4484,null_GSM,0.6175,-0.1731,0.2,False,0.1547,0.4859,null_GSM,0.3718,-0.2171,-0.3504,-0.0219,False,,
ratio:MVchlb,dRrs_d2+GSM,ratio,MVchlb,0.2408,0.118,0.2408,null_OC4,0.1656,0.0752,0.74,False,0.0358,0.0358,null_OC4,0.0416,-0.0059,-0.0564,0.0391,False,0.3451,0.3541
abs:Chlc12,dRrs_d2+GSM,abs,Chlc12,0.6513,0.1141,0.5192,null_GSM,0.7769,-0.1255,0.2,False,0.3115,0.5132,null_GSM,0.5389,-0.2274,-0.3532,-0.0762,False,,
ratio:Chlc12,dRrs_d2+GSM,ratio,Chlc12,0.4419,0.1121,0.4419,null_OC4,0.3377,0.1043,0.94,True,0.2851,0.2851,null_OC4,0.2699,0.0151,-0.0462,0.0832,False,0.1706,0.2019
abs:Chlc3,dRrs_d2+GSM,abs,Chlc3,0.6282,0.1162,0.5835,null_GSM,0.7298,-0.1016,0.28,False,0.2782,0.3468,null_GSM,0.5841,-0.3059,-0.4346,-0.0968,False,,
ratio:Chlc3,dRrs_d2+GSM,ratio,Chlc3,0.5486,0.0928,0.5486,null_GSM,0.3398,0.2088,0.98,True,0.1788,0.1788,null_GSM,0.1968,-0.018,-0.1278,0.0786,False,0.2641,0.3028
abs:Neo,dRrs_d2+GSM,abs,Neo,0.4362,0.1893,0.3692,null_GSM,0.5163,-0.08,0.34,False,0.1079,0.2916,null_GSM,0.2335,-0.1256,-0.2237,-0.0181,False,,
ratio:Neo,dRrs_d2+GSM,ratio,Neo,0.3774,0.117,0.3774,null_OC4,0.1954,0.182,0.91,True,0.2019,0.2019,null_GSM,0.0384,0.1635,0.0172,0.2723,True,0.2997,0.3374
abs:Viola,dRrs_d2+GSM,abs,Viola,0.3901,0.19,0.3945,null_GSM,0.5194,-0.1294,0.31,False,0.08,0.3573,null_GSM,0.2237,-0.1436,-0.2568,-0.0187,False,,
ratio:Viola,dRrs_d2+GSM,ratio,Viola,0.1657,0.0912,0.1657,null_GSM,0.0422,0.1235,0.93,True,0.0121,0.0121,null_OC4,0.2864,-0.2743,-0.4474,-0.1317,False,0.3553,0.3305
abs:Tchla,GSM3,abs,Tchla,0.6013,0.155,0.5297,null_GSM,0.8109,-0.2095,0.07,False,0.3506,0.4804,null_GSM,0.6554,-0.3048,-0.4506,-0.1106,False,,
abs:HexFuco,GSM3,abs,HexFuco,0.4163,0.1423,0.5224,null_GSM,0.6057,-0.1893,0.23,False,0.1433,0.4729,null_GSM,0.3879,-0.2446,-0.3864,-0.0682,False,,
ratio:HexFuco,GSM3,ratio,HexFuco,0.0415,0.0513,0.0415,null_OC4,0.0612,-0.0197,0.43,False,0.0853,0.0853,null_GSM,0.2063,-0.121,-0.2188,-0.0316,False,0.2573,0.2479
abs:ButFuco,GSM3,abs,ButFuco,0.4138,0.1505,0.5476,null_GSM,0.5218,-0.108,0.39,False,0.1707,0.4858,null_GSM,0.3225,-0.1517,-0.3023,0.0501,False,,
ratio:ButFuco,GSM3,ratio,ButFuco,0.0604,0.0706,0.0604,null_OC4,0.0628,-0.0025,0.52,False,0.0214,0.0214,null_GSM,0.0812,-0.0597,-0.1722,0.0071,False,0.3108,0.3004
abs:Allo,GSM3,abs,Allo,0.3275,0.1455,0.3827,null_GSM,0.4726,-0.1451,0.2,False,0.0465,0.3447,null_GSM,0.1701,-0.1236,-0.2868,0.0649,False,,
ratio:Allo,GSM3,ratio,Allo,0.0799,0.075,0.0799,null_OC4,0.0459,0.034,0.64,False,0.0132,0.0132,null_GSM,0.2011,-0.1878,-0.2637,-0.0792,False,0.429,0.4171
abs:Fuco,GSM3,abs,Fuco,0.4696,0.1459,0.5055,null_GSM,0.716,-0.2464,0.13,False,0.2579,0.4802,null_GSM,0.5606,-0.3027,-0.5283,-0.0217,False,,
ratio:Fuco,GSM3,ratio,Fuco,0.4652,0.1084,0.4652,null_OC4,0.3811,0.0841,0.87,False,0.4116,0.4116,null_OC4,0.3106,0.101,0.0238,0.176,True,0.2727,0.3696
abs:Perid,GSM3,abs,Perid,0.5813,0.1233,0.4602,null_OC4,0.604,-0.0227,0.41,False,0.4948,0.4412,null_OC4,0.5036,-0.0088,-0.1963,0.1162,False,,
ratio:Perid,GSM3,ratio,Perid,0.2086,0.0994,0.2086,null_GSM,0.1862,0.0224,0.69,False,0.151,0.151,null_GSM,0.0791,0.0719,-0.0111,0.1657,False,0.2846,0.3271
abs:Zea,GSM3,abs,Zea,0.2614,0.0989,0.1873,null_GSM,0.2038,0.0577,0.75,False,0.0086,0.0062,null_GSM,0.0246,-0.016,-0.0727,0.0149,False,,
ratio:Zea,GSM3,ratio,Zea,0.4367,0.1147,0.4367,null_OC4,0.418,0.0188,0.68,False,0.3312,0.3312,null_OC4,0.3489,-0.0177,-0.0625,0.0256,False,0.4383,0.5435
abs:DVchla,GSM3,abs,DVchla,0.2433,0.1149,0.2277,null_GSM,0.0559,0.1874,0.91,True,0.0032,0.022,null_GSM,0.2138,-0.2106,-0.2682,-0.136,False,,
ratio:DVchla,GSM3,ratio,DVchla,0.4898,0.1012,0.4898,null_OC4,0.4185,0.0713,0.84,False,0.3385,0.3385,null_OC4,0.3194,0.0191,-0.0425,0.0812,False,0.7847,0.9777
abs:MVchlb,GSM3,abs,MVchlb,0.446,0.1497,0.641,null_GSM,0.6175,-0.1715,0.16,False,0.1411,0.6219,null_GSM,0.3718,-0.2307,-0.3654,-0.0448,False,,
ratio:MVchlb,GSM3,ratio,MVchlb,0.2045,0.1092,0.2045,null_OC4,0.1656,0.039,0.73,False,0.0485,0.0485,null_OC4,0.0416,0.0069,-0.0238,0.0426,False,0.3426,0.3541
abs:Chlc12,GSM3,abs,Chlc12,0.5116,0.1599,0.5494,null_GSM,0.7769,-0.2652,0.05,False,0.2016,0.5176,null_GSM,0.5389,-0.3373,-0.4985,-0.1525,False,,
ratio:Chlc12,GSM3,ratio,Chlc12,0.3476,0.1121,0.3476,null_OC4,0.3377,0.0099,0.61,False,0.2652,0.2652,null_OC4,0.2699,-0.0047,-0.0406,0.0315,False,0.1689,0.2019
abs:Chlc3,GSM3,abs,Chlc3,0.5059,0.1502,0.5817,null_GSM,0.7298,-0.2239,0.18,False,0.2419,0.5994,null_GSM,0.5841,-0.3422,-0.5162,-0.027,False,,
ratio:Chlc3,GSM3,ratio,Chlc3,0.3519,0.1181,0.3519,null_GSM,0.3398,0.012,0.6,False,0.0996,0.0996,null_GSM,0.1968,-0.0972,-0.1992,-0.014,False,0.2959,0.3028
abs:Neo,GSM3,abs,Neo,0.3669,0.1287,0.4281,null_GSM,0.5163,-0.1493,0.13,False,0.1004,0.3657,null_GSM,0.2335,-0.1331,-0.2518,-0.0343,False,,
ratio:Neo,GSM3,ratio,Neo,0.2518,0.1342,0.2518,null_OC4,0.1954,0.0564,0.73,False,0.0888,0.0888,null_GSM,0.0384,0.0503,-0.0126,0.1114,False,0.3156,0.3374
abs:Viola,GSM3,abs,Viola,0.3796,0.1408,0.5069,null_GSM,0.5194,-0.1399,0.19,False,0.0712,0.4711,null_GSM,0.2237,-0.1525,-0.2854,-0.0149,False,,
ratio:Viola,GSM3,ratio,Viola,0.0577,0.0752,0.0577,null_GSM,0.0422,0.0155,0.51,False,0.1439,0.1439,null_OC4,0.2864,-0.1425,-0.2757,0.0135,False,0.3629,0.3305
abs:Tchla,dRrs_d2_flat30,abs,Tchla,0.7191,0.126,0.4236,null_GSM,0.8109,-0.0917,0.23,False,0.4422,0.2855,null_GSM,0.6554,-0.2132,-0.3505,-0.06,False,,
abs:HexFuco,dRrs_d2_flat30,abs,HexFuco,0.4749,0.1326,0.4967,null_GSM,0.6057,-0.1308,0.29,False,0.1238,0.2443,null_GSM,0.3879,-0.2641,-0.4097,-0.097,False,,
ratio:HexFuco,dRrs_d2_flat30,ratio,HexFuco,0.1849,0.1085,0.1849,null_OC4,0.0612,0.1236,0.89,False,0.0195,0.0195,null_GSM,0.2063,-0.1869,-0.3106,-0.0702,False,0.2709,0.2479
abs:ButFuco,dRrs_d2_flat30,abs,ButFuco,0.4986,0.1562,0.518,null_GSM,0.5218,-0.0232,0.52,False,0.1653,0.3115,null_GSM,0.3225,-0.1571,-0.2955,0.0257,False,,
ratio:ButFuco,dRrs_d2_flat30,ratio,ButFuco,0.1818,0.1225,0.1818,null_OC4,0.0628,0.119,0.8,False,0.0095,0.0095,null_GSM,0.0812,-0.0717,-0.1985,0.02,False,0.3022,0.3004
abs:Allo,dRrs_d2_flat30,abs,Allo,0.3834,0.1609,0.3388,null_GSM,0.4726,-0.0892,0.31,False,0.0651,0.2092,null_GSM,0.1701,-0.1051,-0.2614,-0.0121,False,,
ratio:Allo,dRrs_d2_flat30,ratio,Allo,0.3126,0.1321,0.3126,null_OC4,0.0459,0.2666,0.98,True,0.0792,0.0792,null_GSM,0.2011,-0.1218,-0.2483,0.0108,False,0.4021,0.4171
abs:Fuco,dRrs_d2_flat30,abs,Fuco,0.6089,0.1492,0.5155,null_GSM,0.716,-0.1071,0.19,False,0.3204,0.4955,null_GSM,0.5606,-0.2402,-0.4262,-0.0066,False,,
ratio:Fuco,dRrs_d2_flat30,ratio,Fuco,0.6158,0.0982,0.6158,null_OC4,0.3811,0.2347,1.0,True,0.4079,0.4079,null_OC4,0.3106,0.0973,0.0057,0.1893,True,0.281,0.3696
abs:Perid,dRrs_d2_flat30,abs,Perid,0.5536,0.1061,0.5008,null_OC4,0.604,-0.0504,0.34,False,0.4612,0.4595,null_OC4,0.5036,-0.0424,-0.224,0.0963,False,,
ratio:Perid,dRrs_d2_flat30,ratio,Perid,0.2979,0.1107,0.2979,null_GSM,0.1862,0.1118,0.85,False,0.0884,0.0884,null_GSM,0.0791,0.0093,-0.0749,0.0854,False,0.3029,0.3271
abs:Zea,dRrs_d2_flat30,abs,Zea,0.351,0.1005,0.3473,null_GSM,0.2038,0.1473,0.87,False,0.0001,0.0033,null_GSM,0.0246,-0.0245,-0.095,0.0136,False,,
ratio:Zea,dRrs_d2_flat30,ratio,Zea,0.5689,0.0839,0.5689,null_OC4,0.418,0.1509,0.91,True,0.3303,0.3303,null_OC4,0.3489,-0.0186,-0.1086,0.0695,False,0.4469,0.5435
abs:DVchla,dRrs_d2_flat30,abs,DVchla,0.4618,0.1287,0.3454,null_GSM,0.0559,0.4059,1.0,True,0.0174,0.0095,null_GSM,0.2138,-0.1964,-0.2641,-0.1153,False,,
ratio:DVchla,dRrs_d2_flat30,ratio,DVchla,0.6843,0.0884,0.6843,null_OC4,0.4185,0.2659,1.0,True,0.3392,0.3392,null_OC4,0.3194,0.0198,-0.0618,0.0978,False,0.7826,0.9777
abs:MVchlb,dRrs_d2_flat30,abs,MVchlb,0.4355,0.1784,0.4376,null_GSM,0.6175,-0.182,0.18,False,0.149,0.472,null_GSM,0.3718,-0.2229,-0.3571,-0.0279,False,,
ratio:MVchlb,dRrs_d2_flat30,ratio,MVchlb,0.2401,0.1164,0.2401,null_OC4,0.1656,0.0746,0.75,False,0.0376,0.0376,null_OC4,0.0416,-0.0041,-0.0513,0.0356,False,0.3447,0.3541
abs:Chlc12,dRrs_d2_flat30,abs,Chlc12,0.6395,0.1113,0.5179,null_GSM,0.7769,-0.1373,0.17,False,0.2648,0.5276,null_GSM,0.5389,-0.2741,-0.4148,-0.1032,False,,
ratio:Chlc12,dRrs_d2_flat30,ratio,Chlc12,0.4487,0.1131,0.4487,null_OC4,0.3377,0.1111,0.95,True,0.2983,0.2983,null_OC4,0.2699,0.0284,-0.0321,0.0947,False,0.1682,0.2019
abs:Chlc3,dRrs_d2_flat30,abs,Chlc3,0.617,0.1174,0.5696,null_GSM,0.7298,-0.1128,0.29,False,0.2476,0.3659,null_GSM,0.5841,-0.3365,-0.4742,-0.0993,False,,
ratio:Chlc3,dRrs_d2_flat30,ratio,Chlc3,0.5459,0.0934,0.5459,null_GSM,0.3398,0.206,0.99,True,0.1735,0.1735,null_GSM,0.1968,-0.0232,-0.1344,0.0718,False,0.2645,0.3028
abs:Neo,dRrs_d2_flat30,abs,Neo,0.4282,0.1926,0.3608,null_GSM,0.5163,-0.0881,0.34,False,0.1037,0.3162,null_GSM,0.2335,-0.1298,-0.2315,-0.0138,False,,
ratio:Neo,dRrs_d2_flat30,ratio,Neo,0.3787,0.1163,0.3787,null_OC4,0.1954,0.1834,0.91,True,0.2149,0.2149,null_GSM,0.0384,0.1765,0.0263,0.2915,True,0.2969,0.3374
abs:Viola,dRrs_d2_flat30,abs,Viola,0.3835,0.1927,0.3897,null_GSM,0.5194,-0.136,0.29,False,0.0813,0.3448,null_GSM,0.2237,-0.1424,-0.253,-0.0103,False,,
ratio:Viola,dRrs_d2_flat30,ratio,Viola,0.1672,0.0904,0.1672,null_GSM,0.0422,0.125,0.92,True,0.0167,0.0167,null_OC4,0.2864,-0.2697,-0.4406,-0.1235,False,0.3582,0.3305
abs:Tchla,dRrs_d2_flat80,abs,Tchla,0.7218,0.123,0.4218,null_GSM,0.8109,-0.0891,0.22,False,0.447,0.29,null_GSM,0.6554,-0.2085,-0.3389,-0.0583,False,,
abs:HexFuco,dRrs_d2_flat80,abs,HexFuco,0.4793,0.1298,0.4872,null_GSM,0.6057,-0.1263,0.3,False,0.1289,0.3052,null_GSM,0.3879,-0.259,-0.4056,-0.0843,False,,
ratio:HexFuco,dRrs_d2_flat80,ratio,HexFuco,0.1861,0.1058,0.1861,null_OC4,0.0612,0.1249,0.89,False,0.0157,0.0157,null_GSM,0.2063,-0.1906,-0.3151,-0.0714,False,0.2742,0.2479
abs:ButFuco,dRrs_d2_flat80,abs,ButFuco,0.4936,0.1536,0.5046,null_GSM,0.5218,-0.0282,0.49,False,0.1609,0.3072,null_GSM,0.3225,-0.1616,-0.3073,0.0293,False,,
ratio:ButFuco,dRrs_d2_flat80,ratio,ButFuco,0.1882,0.1182,0.1882,null_OC4,0.0628,0.1254,0.84,False,0.0122,0.0122,null_GSM,0.0812,-0.069,-0.1982,0.0274,False,0.3024,0.3004
abs:Allo,dRrs_d2_flat80,abs,Allo,0.3891,0.1635,0.3377,null_GSM,0.4726,-0.0835,0.34,False,0.0651,0.2141,null_GSM,0.1701,-0.105,-0.26,-0.0164,False,,
ratio:Allo,dRrs_d2_flat80,ratio,Allo,0.311,0.1363,0.311,null_OC4,0.0459,0.265,0.99,True,0.0638,0.0638,null_GSM,0.2011,-0.1373,-0.2585,-0.01,False,0.407,0.4171
abs:Fuco,dRrs_d2_flat80,abs,Fuco,0.6206,0.1487,0.5067,null_GSM,0.716,-0.0954,0.23,False,0.3344,0.5136,null_GSM,0.5606,-0.2262,-0.4095,0.0044,False,,
ratio:Fuco,dRrs_d2_flat80,ratio,Fuco,0.6021,0.1015,0.6021,null_OC4,0.3811,0.2211,1.0,True,0.378,0.378,null_OC4,0.3106,0.0675,-0.0222,0.1594,False,0.2911,0.3696
abs:Perid,dRrs_d2_flat80,abs,Perid,0.5611,0.1075,0.5042,null_OC4,0.604,-0.0429,0.38,False,0.4729,0.465,null_OC4,0.5036,-0.0307,-0.2073,0.1044,False,,
ratio:Perid,dRrs_d2_flat80,ratio,Perid,0.2927,0.1111,0.2927,null_GSM,0.1862,0.1065,0.83,False,0.0915,0.0915,null_GSM,0.0791,0.0125,-0.0725,0.0912,False,0.3027,0.3271
abs:Zea,dRrs_d2_flat80,abs,Zea,0.346,0.096,0.3485,null_GSM,0.2038,0.1423,0.86,False,0.0003,0.008,null_GSM,0.0246,-0.0243,-0.0926,0.0123,False,,
ratio:Zea,dRrs_d2_flat80,ratio,Zea,0.5703,0.0839,0.5703,null_OC4,0.418,0.1524,0.9,True,0.3343,0.3343,null_OC4,0.3489,-0.0146,-0.1066,0.0732,False,0.4443,0.5435
abs:DVchla,dRrs_d2_flat80,abs,DVchla,0.4492,0.1275,0.3245,null_GSM,0.0559,0.3933,1.0,True,0.0155,0.007,null_GSM,0.2138,-0.1983,-0.2658,-0.1193,False,,
ratio:DVchla,dRrs_d2_flat80,ratio,DVchla,0.6779,0.089,0.6779,null_OC4,0.4185,0.2595,1.0,True,0.3253,0.3253,null_OC4,0.3194,0.0059,-0.0765,0.0866,False,0.7915,0.9777
abs:MVchlb,dRrs_d2_flat80,abs,MVchlb,0.439,0.1789,0.443,null_GSM,0.6175,-0.1785,0.19,False,0.1535,0.5031,null_GSM,0.3718,-0.2183,-0.3517,-0.0179,False,,
ratio:MVchlb,dRrs_d2_flat80,ratio,MVchlb,0.243,0.1192,0.243,null_OC4,0.1656,0.0775,0.76,False,0.0366,0.0366,null_OC4,0.0416,-0.005,-0.0544,0.0376,False,0.3439,0.3541
abs:Chlc12,dRrs_d2_flat80,abs,Chlc12,0.645,0.1097,0.5051,null_GSM,0.7769,-0.1319,0.17,False,0.2817,0.5324,null_GSM,0.5389,-0.2572,-0.3888,-0.1044,False,,
ratio:Chlc12,dRrs_d2_flat80,ratio,Chlc12,0.4453,0.1154,0.4453,null_OC4,0.3377,0.1077,0.94,True,0.2873,0.2873,null_OC4,0.2699,0.0173,-0.048,0.0892,False,0.1694,0.2019
abs:Chlc3,dRrs_d2_flat80,abs,Chlc3,0.6206,0.1187,0.5528,null_GSM,0.7298,-0.1092,0.28,False,0.3016,0.3832,null_GSM,0.5841,-0.2825,-0.4207,-0.03,False,,
ratio:Chlc3,dRrs_d2_flat80,ratio,Chlc3,0.5476,0.0942,0.5476,null_GSM,0.3398,0.2078,0.99,True,0.1828,0.1828,null_GSM,0.1968,-0.0139,-0.1267,0.0838,False,0.2622,0.3028
abs:Neo,dRrs_d2_flat80,abs,Neo,0.4272,0.1914,0.3591,null_GSM,0.5163,-0.0891,0.32,False,0.1104,0.3173,null_GSM,0.2335,-0.1231,-0.2213,-0.013,False,,
ratio:Neo,dRrs_d2_flat80,ratio,Neo,0.377,0.1157,0.377,null_OC4,0.1954,0.1816,0.91,True,0.2008,0.2008,null_GSM,0.0384,0.1624,0.0155,0.2731,True,0.3002,0.3374
abs:Viola,dRrs_d2_flat80,abs,Viola,0.3818,0.1887,0.3875,null_GSM,0.5194,-0.1376,0.24,False,0.0859,0.3545,null_GSM,0.2237,-0.1378,-0.2487,-0.0147,False,,
ratio:Viola,dRrs_d2_flat80,ratio,Viola,0.1542,0.0858,0.1542,null_GSM,0.0422,0.112,0.91,True,0.0315,0.0315,null_OC4,0.2864,-0.2549,-0.4252,-0.1081,False,0.3599,0.3305
abs:Tchla,dRrs_flat80,abs,Tchla,0.7559,0.1598,0.5131,null_GSM,0.8109,-0.055,0.38,False,0.6736,0.374,null_GSM,0.6554,0.0181,-0.2901,0.1892,False,,
abs:HexFuco,dRrs_flat80,abs,HexFuco,0.6141,0.2015,0.4644,null_GSM,0.6057,0.0084,0.48,False,0.5192,0.3334,null_GSM,0.3879,0.1313,-0.1511,0.2587,False,,
ratio:HexFuco,dRrs_flat80,ratio,HexFuco,0.2415,0.1431,0.2415,null_OC4,0.0612,0.1802,0.81,False,0.0005,0.0005,null_GSM,0.2063,-0.2059,-0.3449,-0.0716,False,0.3263,0.2479
abs:ButFuco,dRrs_flat80,abs,ButFuco,0.6064,0.21,0.5132,null_GSM,0.5218,0.0845,0.68,False,0.4721,0.2981,null_GSM,0.3225,0.1496,-0.0531,0.2361,False,,
ratio:ButFuco,dRrs_flat80,ratio,ButFuco,0.1668,0.1146,0.1668,null_OC4,0.0628,0.104,0.75,False,0.0,0.0,null_GSM,0.0812,-0.0811,-0.2021,-0.0056,False,0.3725,0.3004
abs:Allo,dRrs_flat80,abs,Allo,0.453,0.2241,0.4256,null_GSM,0.4726,-0.0196,0.42,False,0.1348,0.391,null_GSM,0.1701,-0.0354,-0.1932,0.0751,False,,
ratio:Allo,dRrs_flat80,ratio,Allo,0.4302,0.1158,0.4302,null_OC4,0.0459,0.3843,1.0,True,0.2447,0.2447,null_GSM,0.2011,0.0437,-0.1125,0.1891,False,0.3896,0.4171
abs:Fuco,dRrs_flat80,abs,Fuco,0.6817,0.2137,0.5795,null_GSM,0.716,-0.0343,0.49,False,0.6071,0.4251,null_GSM,0.5606,0.0465,-0.3927,0.2468,False,,
ratio:Fuco,dRrs_flat80,ratio,Fuco,0.6998,0.0789,0.6998,null_OC4,0.3811,0.3187,1.0,True,0.5298,0.5298,null_OC4,0.3106,0.2192,0.1003,0.3373,True,0.2526,0.3696
abs:Perid,dRrs_flat80,abs,Perid,0.4262,0.1572,0.4654,null_OC4,0.604,-0.1778,0.14,False,0.1038,0.2432,null_OC4,0.5036,-0.3998,-0.5797,-0.1989,False,,
ratio:Perid,dRrs_flat80,ratio,Perid,0.4204,0.1123,0.4204,null_GSM,0.1862,0.2342,0.97,True,0.0982,0.0982,null_GSM,0.0791,0.0192,-0.088,0.1176,False,0.3001,0.3271
abs:Zea,dRrs_flat80,abs,Zea,0.4459,0.1325,0.3986,null_GSM,0.2038,0.2421,0.95,True,0.2507,0.3202,null_GSM,0.0246,0.2262,0.1245,0.3428,True,,
ratio:Zea,dRrs_flat80,ratio,Zea,0.6867,0.0847,0.6867,null_OC4,0.418,0.2688,0.96,True,0.4433,0.4433,null_OC4,0.3489,0.0944,-0.0272,0.2223,False,0.4221,0.5435
abs:DVchla,dRrs_flat80,abs,DVchla,0.6511,0.0975,0.5049,null_GSM,0.0559,0.5952,1.0,True,0.2615,0.1406,null_GSM,0.2138,0.0477,-0.079,0.1824,False,,
ratio:DVchla,dRrs_flat80,ratio,DVchla,0.7164,0.0745,0.7164,null_OC4,0.4185,0.298,0.98,True,0.4247,0.4247,null_OC4,0.3194,0.1053,-0.0077,0.2172,False,0.7359,0.9777
abs:MVchlb,dRrs_flat80,abs,MVchlb,0.5577,0.1884,0.5053,null_GSM,0.6175,-0.0598,0.32,False,0.3212,0.5203,null_GSM,0.3718,-0.0506,-0.1932,0.1904,False,,
ratio:MVchlb,dRrs_flat80,ratio,MVchlb,0.2961,0.1422,0.2961,null_OC4,0.1656,0.1305,0.87,False,0.1034,0.1034,null_OC4,0.0416,0.0618,-0.0158,0.1356,False,0.3512,0.3541
abs:Chlc12,dRrs_flat80,abs,Chlc12,0.717,0.1658,0.5785,null_GSM,0.7769,-0.0599,0.4,False,0.6909,0.5602,null_GSM,0.5389,0.152,-0.2599,0.2555,False,,
ratio:Chlc12,dRrs_flat80,ratio,Chlc12,0.564,0.1134,0.564,null_OC4,0.3377,0.2263,0.97,True,0.405,0.405,null_OC4,0.2699,0.1351,0.0361,0.2254,True,0.1556,0.2019
abs:Chlc3,dRrs_flat80,abs,Chlc3,0.6935,0.1734,0.5436,null_GSM,0.7298,-0.0363,0.46,False,0.6364,0.428,null_GSM,0.5841,0.0523,-0.2021,0.136,False,,
ratio:Chlc3,dRrs_flat80,ratio,Chlc3,0.5167,0.1347,0.5167,null_GSM,0.3398,0.1769,0.91,True,0.0438,0.0438,null_GSM,0.1968,-0.1529,-0.2752,-0.0545,False,0.331,0.3028
abs:Neo,dRrs_flat80,abs,Neo,0.5782,0.2141,0.4548,null_GSM,0.5163,0.062,0.6,False,0.364,0.4847,null_GSM,0.2335,0.1305,0.0072,0.3691,True,,
ratio:Neo,dRrs_flat80,ratio,Neo,0.4808,0.1243,0.4808,null_OC4,0.1954,0.2854,0.97,True,0.2901,0.2901,null_GSM,0.0384,0.2517,0.0788,0.3846,True,0.3013,0.3374
abs:Viola,dRrs_flat80,abs,Viola,0.526,0.2028,0.4897,null_GSM,0.5194,0.0065,0.46,False,0.184,0.4303,null_GSM,0.2237,-0.0397,-0.1381,0.1559,False,,
ratio:Viola,dRrs_flat80,ratio,Viola,0.2521,0.1151,0.2521,null_GSM,0.0422,0.2099,0.95,True,0.0232,0.0232,null_OC4,0.2864,-0.2632,-0.4349,-0.12,False,0.3564,0.3305
abs:Tchla,dRrs_awsm,abs,Tchla,0.7445,0.1652,0.4966,null_GSM,0.8109,-0.0664,0.35,False,0.6541,0.4011,null_GSM,0.6554,-0.0013,-0.329,0.1827,False,,
abs:HexFuco,dRrs_awsm,abs,HexFuco,0.6161,0.1966,0.4864,null_GSM,0.6057,0.0104,0.53,False,0.5246,0.2354,null_GSM,0.3879,0.1368,-0.1963,0.2854,False,,
ratio:HexFuco,dRrs_awsm,ratio,HexFuco,0.3407,0.1239,0.3407,null_OC4,0.0612,0.2795,0.95,True,0.0178,0.0178,null_GSM,0.2063,-0.1886,-0.3278,-0.0547,False,0.3226,0.2479
abs:ButFuco,dRrs_awsm,abs,ButFuco,0.6246,0.206,0.5159,null_GSM,0.5218,0.1028,0.74,False,0.4737,0.2689,null_GSM,0.3225,0.1512,-0.0876,0.2568,False,,
ratio:ButFuco,dRrs_awsm,ratio,ButFuco,0.2044,0.1247,0.2044,null_OC4,0.0628,0.1416,0.83,False,0.0001,0.0001,null_GSM,0.0812,-0.081,-0.2055,-0.0075,False,0.4089,0.3004
abs:Allo,dRrs_awsm,abs,Allo,0.517,0.2014,0.4233,null_GSM,0.4726,0.0444,0.55,False,0.2101,0.3461,null_GSM,0.1701,0.04,-0.1321,0.1826,False,,
ratio:Allo,dRrs_awsm,ratio,Allo,0.4141,0.1451,0.4141,null_OC4,0.0459,0.3682,1.0,True,0.2016,0.2016,null_GSM,0.2011,0.0006,-0.1681,0.1752,False,0.4035,0.4171
abs:Fuco,dRrs_awsm,abs,Fuco,0.6683,0.2183,0.5905,null_GSM,0.716,-0.0477,0.5,False,0.5293,0.4536,null_GSM,0.5606,-0.0313,-0.4174,0.201,False,,
ratio:Fuco,dRrs_awsm,ratio,Fuco,0.6904,0.0871,0.6904,null_OC4,0.3811,0.3093,1.0,True,0.48,0.48,null_OC4,0.3106,0.1695,0.0391,0.3016,True,0.271,0.3696
abs:Perid,dRrs_awsm,abs,Perid,0.3863,0.1718,0.4262,null_OC4,0.604,-0.2177,0.15,False,0.0584,0.2548,null_OC4,0.5036,-0.4452,-0.6469,-0.2606,False,,
ratio:Perid,dRrs_awsm,ratio,Perid,0.4002,0.1182,0.4002,null_GSM,0.1862,0.2141,0.96,True,0.0984,0.0984,null_GSM,0.0791,0.0193,-0.096,0.1335,False,0.3012,0.3271
abs:Zea,dRrs_awsm,abs,Zea,0.4117,0.14,0.4085,null_GSM,0.2038,0.208,0.87,False,0.2776,0.3776,null_GSM,0.0246,0.253,0.1445,0.3903,True,,
ratio:Zea,dRrs_awsm,ratio,Zea,0.685,0.0838,0.685,null_OC4,0.418,0.267,0.95,True,0.4507,0.4507,null_OC4,0.3489,0.1019,0.0058,0.2134,True,0.4167,0.5435
abs:DVchla,dRrs_awsm,abs,DVchla,0.6536,0.1002,0.5054,null_GSM,0.0559,0.5977,1.0,True,0.2948,0.1822,null_GSM,0.2138,0.081,-0.0506,0.2276,False,,
ratio:DVchla,dRrs_awsm,ratio,DVchla,0.7253,0.0809,0.7253,null_OC4,0.4185,0.3068,0.99,True,0.4353,0.4353,null_OC4,0.3194,0.1159,-0.0011,0.2337,False,0.7307,0.9777
abs:MVchlb,dRrs_awsm,abs,MVchlb,0.5364,0.1939,0.4796,null_GSM,0.6175,-0.0811,0.32,False,0.2513,0.2645,null_GSM,0.3718,-0.1205,-0.2738,0.1181,False,,
ratio:MVchlb,dRrs_awsm,ratio,MVchlb,0.2122,0.1291,0.2122,null_OC4,0.1656,0.0466,0.61,False,0.0435,0.0435,null_OC4,0.0416,0.0018,-0.0683,0.0758,False,0.3896,0.3541
abs:Chlc12,dRrs_awsm,abs,Chlc12,0.7122,0.1752,0.5843,null_GSM,0.7769,-0.0646,0.37,False,0.6283,0.5026,null_GSM,0.5389,0.0894,-0.3521,0.2242,False,,
ratio:Chlc12,dRrs_awsm,ratio,Chlc12,0.5624,0.1241,0.5624,null_OC4,0.3377,0.2247,0.98,True,0.3684,0.3684,null_OC4,0.2699,0.0984,-0.0041,0.1965,False,0.1645,0.2019
abs:Chlc3,dRrs_awsm,abs,Chlc3,0.7017,0.1656,0.5701,null_GSM,0.7298,-0.0281,0.47,False,0.5523,0.2622,null_GSM,0.5841,-0.0318,-0.252,0.0649,False,,
ratio:Chlc3,dRrs_awsm,ratio,Chlc3,0.5593,0.1271,0.5593,null_GSM,0.3398,0.2195,0.96,True,0.006,0.006,null_GSM,0.1968,-0.1907,-0.3131,-0.0937,False,0.3688,0.3028
abs:Neo,dRrs_awsm,abs,Neo,0.5905,0.2086,0.452,null_GSM,0.5163,0.0742,0.62,False,0.3971,0.392,null_GSM,0.2335,0.1636,0.0213,0.4688,True,,
ratio:Neo,dRrs_awsm,ratio,Neo,0.4613,0.1401,0.4613,null_OC4,0.1954,0.266,0.94,True,0.2334,0.2334,null_GSM,0.0384,0.195,0.019,0.3414,True,0.3319,0.3374
abs:Viola,dRrs_awsm,abs,Viola,0.5459,0.2069,0.4772,null_GSM,0.5194,0.0265,0.57,False,0.231,0.3777,null_GSM,0.2237,0.0073,-0.0935,0.263,False,,
ratio:Viola,dRrs_awsm,ratio,Viola,0.2563,0.1193,0.2563,null_GSM,0.0422,0.2141,0.97,True,0.0287,0.0287,null_OC4,0.2864,-0.2577,-0.4282,-0.1134,False,0.3485,0.3305
abs:Tchla,dRrs_d2_awsm,abs,Tchla,0.721,0.1279,0.4441,null_GSM,0.8109,-0.0898,0.22,False,0.4914,0.2318,null_GSM,0.6554,-0.164,-0.3022,-0.0263,False,,
abs:HexFuco,dRrs_d2_awsm,abs,HexFuco,0.5198,0.14,0.4814,null_GSM,0.6057,-0.0859,0.36,False,0.1916,0.3657,null_GSM,0.3879,-0.1963,-0.3272,-0.0091,False,,
ratio:HexFuco,dRrs_d2_awsm,ratio,HexFuco,0.1657,0.0903,0.1657,null_OC4,0.0612,0.1045,0.86,False,0.0149,0.0149,null_GSM,0.2063,-0.1915,-0.3207,-0.0679,False,0.2621,0.2479
abs:ButFuco,dRrs_d2_awsm,abs,ButFuco,0.5436,0.157,0.5343,null_GSM,0.5218,0.0218,0.6,False,0.219,0.372,null_GSM,0.3225,-0.1035,-0.235,0.0955,False,,
ratio:ButFuco,dRrs_d2_awsm,ratio,ButFuco,0.1213,0.0867,0.1213,null_OC4,0.0628,0.0585,0.69,False,0.0002,0.0002,null_GSM,0.0812,-0.0809,-0.203,-0.0062,False,0.3091,0.3004
abs:Allo,dRrs_d2_awsm,abs,Allo,0.4185,0.1506,0.3566,null_GSM,0.4726,-0.0541,0.39,False,0.0871,0.2735,null_GSM,0.1701,-0.0831,-0.2338,0.0186,False,,
ratio:Allo,dRrs_d2_awsm,ratio,Allo,0.354,0.1151,0.354,null_OC4,0.0459,0.3081,0.99,True,0.1395,0.1395,null_GSM,0.2011,-0.0615,-0.1915,0.0637,False,0.3758,0.4171
abs:Fuco,dRrs_d2_awsm,abs,Fuco,0.6097,0.1561,0.5318,null_GSM,0.716,-0.1063,0.23,False,0.3443,0.4241,null_GSM,0.5606,-0.2163,-0.4044,0.0068,False,,
ratio:Fuco,dRrs_d2_awsm,ratio,Fuco,0.6332,0.0872,0.6332,null_OC4,0.3811,0.2521,1.0,True,0.4388,0.4388,null_OC4,0.3106,0.1282,0.0315,0.2288,True,0.2701,0.3696
abs:Perid,dRrs_d2_awsm,abs,Perid,0.507,0.1084,0.4806,null_OC4,0.604,-0.097,0.26,False,0.4055,0.45,null_OC4,0.5036,-0.0982,-0.2513,0.0422,False,,
ratio:Perid,dRrs_d2_awsm,ratio,Perid,0.2993,0.1127,0.2993,null_GSM,0.1862,0.1131,0.88,False,0.0461,0.0461,null_GSM,0.0791,-0.033,-0.1029,0.0229,False,0.3098,0.3271
abs:Zea,dRrs_d2_awsm,abs,Zea,0.3878,0.1054,0.3968,null_GSM,0.2038,0.1841,0.9,True,0.0274,0.0488,null_GSM,0.0246,0.0028,-0.0631,0.0671,False,,
ratio:Zea,dRrs_d2_awsm,ratio,Zea,0.589,0.0815,0.589,null_OC4,0.418,0.171,0.92,True,0.3238,0.3238,null_OC4,0.3489,-0.0251,-0.1345,0.0802,False,0.4481,0.5435
abs:DVchla,dRrs_d2_awsm,abs,DVchla,0.5065,0.1158,0.4072,null_GSM,0.0559,0.4505,1.0,True,0.0574,0.0239,null_GSM,0.2138,-0.1564,-0.2426,-0.0511,False,,
ratio:DVchla,dRrs_d2_awsm,ratio,DVchla,0.7157,0.0766,0.7157,null_OC4,0.4185,0.2973,1.0,True,0.3662,0.3662,null_OC4,0.3194,0.0468,-0.0483,0.1359,False,0.7538,0.9777
abs:MVchlb,dRrs_d2_awsm,abs,MVchlb,0.4455,0.1721,0.4452,null_GSM,0.6175,-0.172,0.2,False,0.1576,0.3872,null_GSM,0.3718,-0.2142,-0.3539,-0.015,False,,
ratio:MVchlb,dRrs_d2_awsm,ratio,MVchlb,0.2456,0.1038,0.2456,null_OC4,0.1656,0.08,0.78,False,0.0751,0.0751,null_OC4,0.0416,0.0335,-0.0215,0.092,False,0.3327,0.3541
abs:Chlc12,dRrs_d2_awsm,abs,Chlc12,0.6561,0.1181,0.5221,null_GSM,0.7769,-0.1208,0.2,False,0.3389,0.4331,null_GSM,0.5389,-0.2,-0.3269,-0.0599,False,,
ratio:Chlc12,dRrs_d2_awsm,ratio,Chlc12,0.4746,0.1086,0.4746,null_OC4,0.3377,0.1369,0.97,True,0.3027,0.3027,null_OC4,0.2699,0.0327,-0.0462,0.1121,False,0.1674,0.2019
abs:Chlc3,dRrs_d2_awsm,abs,Chlc3,0.6404,0.1177,0.5602,null_GSM,0.7298,-0.0894,0.32,False,0.2649,0.2735,null_GSM,0.5841,-0.3192,-0.459,-0.0777,False,,
ratio:Chlc3,dRrs_d2_awsm,ratio,Chlc3,0.5473,0.0885,0.5473,null_GSM,0.3398,0.2075,0.99,True,0.1609,0.1609,null_GSM,0.1968,-0.0359,-0.1529,0.0668,False,0.264,0.3028
abs:Neo,dRrs_d2_awsm,abs,Neo,0.4448,0.183,0.3661,null_GSM,0.5163,-0.0715,0.34,False,0.1196,0.2843,null_GSM,0.2335,-0.1139,-0.2132,0.0065,False,,
ratio:Neo,dRrs_d2_awsm,ratio,Neo,0.3986,0.1134,0.3986,null_OC4,0.1954,0.2033,0.93,True,0.2194,0.2194,null_GSM,0.0384,0.181,0.0335,0.2925,True,0.2933,0.3374
abs:Viola,dRrs_d2_awsm,abs,Viola,0.3966,0.1718,0.4034,null_GSM,0.5194,-0.1228,0.28,False,0.0807,0.3269,null_GSM,0.2237,-0.1429,-0.262,-0.0073,False,,
ratio:Viola,dRrs_d2_awsm,ratio,Viola,0.1851,0.0898,0.1851,null_GSM,0.0422,0.1429,0.95,True,0.0079,0.0079,null_OC4,0.2864,-0.2785,-0.4536,-0.1372,False,0.3535,0.3305
