model,abs_R2_random,abs_R2_loco,abs_dR2_null_random,abs_dR2_null_loco,abs_beats_null_random,abs_beats_null_loco,ratio_logR2_random,ratio_logR2_loco,ratio_dR2_null_loco,ratio_beats_null_random,ratio_beats_null_loco,ratio_beats_const_rms_loco
Rrs,0.5578,0.3185,0.0078,-0.05,1,1,0.4223,0.2169,0.0186,9,2,8
Rrs_d2,0.491,0.1999,-0.0591,-0.1686,1,0,0.3615,0.1598,-0.0385,7,2,7
dRrs,0.595,0.3838,0.0449,0.0153,1,1,0.4612,0.1996,0.0013,10,2,7
dRrs_d2,0.5072,0.1911,-0.0428,-0.1774,1,0,0.3836,0.1665,-0.0319,8,1,9
M1,0.5942,0.3987,0.0442,0.0302,1,0,0.4561,0.2548,0.0565,10,5,10
M3_w7,0.5463,0.249,-0.0037,-0.1195,1,0,0.3909,0.1942,-0.0041,10,2,8
M3_w11,0.5644,0.3118,0.0144,-0.0567,1,0,0.4211,0.2269,0.0286,11,4,10
M3_w21,0.5921,0.373,0.0421,0.0045,1,1,0.471,0.2728,0.0745,12,5,11
dRrs+GSM,0.6034,0.39,0.0533,0.0215,1,1,0.4722,0.1968,-0.0015,10,1,7
dRrs_d2+GSM,0.5156,0.2008,-0.0344,-0.1677,1,0,0.3843,0.1668,-0.0315,8,1,9
GSM3,0.425,0.1717,-0.1251,-0.1968,1,0,0.2496,0.1665,-0.0318,0,1,8
dRrs_d2_flat30,0.5042,0.1878,-0.0458,-0.1807,1,0,0.3856,0.1679,-0.0304,8,2,9
dRrs_d2_flat80,0.5057,0.1968,-0.0443,-0.1717,1,0,0.383,0.1633,-0.035,8,1,9
dRrs_flat80,0.5928,0.4015,0.0428,0.033,2,2,0.4559,0.2172,0.0189,9,3,8
dRrs_awsm,0.593,0.391,0.043,0.0225,1,2,0.4593,0.197,-0.0013,10,3,7
dRrs_d2_awsm,0.5229,0.2143,-0.0272,-0.1542,2,0,0.3941,0.1746,-0.0237,8,2,9
