scenario,model,kind,mean_R2,mean_dR2_null,n_dR2_gt_0.05,R2_Fuco,R2_Zea,R2_DVchla,R2_Chlc12,cov68,cov95,cov68_model_only,cov95_model_only,z_sd,crps
clean_1nm,sharedW_unaware,ratio,0.198,0.0,5,0.4301,0.4324,0.4444,0.4226,0.7092,0.9425,0.7092,0.9425,1.0729,0.1843
clean_1nm,sharedW_unaware_insample,ratio,0.2431,0.0452,6,0.4598,0.494,0.4825,0.4214,0.6414,0.896,0.6414,0.896,1.2604,0.1835
clean_1nm,PCR_dRrs_d2,ratio,0.1663,-0.0316,2,0.4228,0.3204,0.3535,0.2864,,,,,,
clean_1nm,null_GSM,ratio,0.1144,-0.0836,0,0.0896,0.1087,0.0206,0.1277,,,,,,
clean_1nm,null_OC4,ratio,0.1615,-0.0365,0,0.3106,0.3489,0.3194,0.2699,,,,,,
insitu_1nm,sharedW_unaware,ratio,0.1638,-0.0342,3,0.3885,0.3707,0.3625,0.3726,0.698,0.9395,0.6819,0.9316,1.0735,0.1938
insitu_1nm,sharedW_unaware_insample,ratio,0.1935,-0.0045,6,0.4029,0.405,0.3768,0.3598,0.6427,0.9027,0.5913,0.866,1.2219,0.2041
insitu_1nm,sharedW_aware,ratio,0.1365,-0.0615,2,0.3714,0.3807,0.3641,0.3824,0.6812,0.9316,0.6723,0.9279,1.1034,0.1984
insitu_1nm,PCR_dRrs_d2,ratio,0.0026,-0.1953,0,0.0053,0.0076,0.0021,0.0038,,,,,,
insitu_1nm,null_GSM,ratio,0.1143,-0.0836,0,0.0908,0.1079,0.0206,0.1274,,,,,,
insitu_1nm,null_OC4,ratio,0.1613,-0.0367,0,0.31,0.3483,0.3186,0.2696,,,,,,
pace_white_1nm,sharedW_unaware,ratio,0.1039,-0.0757,0,0.2585,0.2452,0.2252,0.2365,0.6967,0.9413,0.633,0.8991,1.0527,0.2181
pace_white_1nm,sharedW_unaware_insample,ratio,0.1174,-0.0622,1,0.2545,0.253,0.2206,0.2189,0.659,0.9248,0.4981,0.7907,1.1098,0.2534
pace_white_1nm,sharedW_aware,ratio,0.1288,-0.0509,2,0.3607,0.3396,0.3283,0.3206,0.6858,0.9361,0.6753,0.9316,1.086,0.1993
pace_white_1nm,PCR_dRrs_d2,ratio,0.0005,-0.1792,0,0.0004,0.0017,0.0007,0.0003,,,,,,
pace_white_1nm,null_GSM,ratio,0.1045,-0.0752,0,0.0874,0.0969,0.0195,0.1205,,,,,,
pace_white_1nm,null_OC4,ratio,0.1461,-0.0335,0,0.2689,0.312,0.2882,0.2376,,,,,,
pace_corr_1nm,sharedW_unaware,ratio,0.0899,-0.0581,0,0.229,0.2463,0.2399,0.211,0.6916,0.9421,0.5929,0.8759,1.0468,0.2347
pace_corr_1nm,sharedW_unaware_insample,ratio,0.1003,-0.0477,0,0.233,0.2622,0.2409,0.202,0.6603,0.9305,0.4408,0.7321,1.0878,0.2881
pace_corr_1nm,sharedW_aware,ratio,0.1935,0.0454,6,0.4535,0.4567,0.4444,0.3929,0.6856,0.932,0.6696,0.9228,1.1028,0.1892
pace_corr_1nm,PCR_dRrs_d2,ratio,0.0276,-0.1204,0,0.0594,0.0754,0.0423,0.0454,,,,,,
pace_corr_1nm,null_GSM,ratio,0.0497,-0.0983,0,0.027,0.0386,0.0027,0.0476,,,,,,
pace_corr_1nm,null_OC4,ratio,0.1392,-0.0089,0,0.2628,0.2971,0.2712,0.227,,,,,,
clean_1nm,sharedW_unaware,abs,0.315,-0.061,2,,,,,0.8637,0.9448,0.8637,0.9448,1.8172,0.0362
clean_1nm,sharedW_unaware_insample,abs,0.382,0.0061,6,,,,,0.7915,0.8944,0.7915,0.8944,2.7656,0.0334
clean_1nm,PCR_dRrs_d2,abs,0.1858,-0.1901,0,,,,,,,,,,
clean_1nm,null_GSM,abs,0.3736,-0.0023,0,,,,,,,,,,
clean_1nm,null_OC4,abs,0.2092,-0.1668,0,,,,,,,,,,
insitu_1nm,sharedW_unaware,abs,0.2113,-0.1639,1,,,,,0.8196,0.9487,0.7817,0.9245,1.6332,0.0434
insitu_1nm,sharedW_unaware_insample,abs,0.2454,-0.1298,1,,,,,0.757,0.9132,0.6743,0.8332,1.7464,0.0432
insitu_1nm,sharedW_aware,abs,0.2626,-0.1126,0,,,,,0.8632,0.9471,0.8538,0.9425,1.7671,0.0374
insitu_1nm,PCR_dRrs_d2,abs,0.0012,-0.374,0,,,,,,,,,,
insitu_1nm,null_GSM,abs,0.3727,-0.0025,0,,,,,,,,,,
insitu_1nm,null_OC4,abs,0.2068,-0.1685,0,,,,,,,,,,
pace_white_1nm,sharedW_unaware,abs,0.0898,-0.2261,0,,,,,0.7604,0.9349,0.6448,0.8221,1.096,0.0646
pace_white_1nm,sharedW_unaware_insample,abs,0.1028,-0.2131,0,,,,,0.7309,0.9108,0.5563,0.7113,1.0298,0.0715
pace_white_1nm,sharedW_aware,abs,0.2452,-0.0707,2,,,,,0.8669,0.9524,0.8563,0.9465,1.7355,0.0393
pace_white_1nm,PCR_dRrs_d2,abs,0.0014,-0.3145,0,,,,,,,,,,
pace_white_1nm,null_GSM,abs,0.3113,-0.0046,0,,,,,,,,,,
pace_white_1nm,null_OC4,abs,0.1975,-0.1184,0,,,,,,,,,,
pace_corr_1nm,sharedW_unaware,abs,0.0906,-0.0676,0,,,,,0.7636,0.935,0.658,0.8368,1.1572,0.0632
pace_corr_1nm,sharedW_unaware_insample,abs,0.1079,-0.0503,2,,,,,0.7298,0.9092,0.5628,0.7177,1.0736,0.0684
pace_corr_1nm,sharedW_aware,abs,0.2819,0.1236,9,,,,,0.8615,0.9531,0.8487,0.9464,1.7977,0.0361
pace_corr_1nm,PCR_dRrs_d2,abs,0.0229,-0.1353,0,,,,,,,,,,
pace_corr_1nm,null_GSM,abs,0.1418,-0.0165,0,,,,,,,,,,
pace_corr_1nm,null_OC4,abs,0.1347,-0.0236,0,,,,,,,,,,
clean_5nm,sharedW_unaware,ratio,0.202,0.0017,6,0.4376,0.4605,0.4742,0.4213,0.7132,0.942,0.7132,0.942,1.067,0.183
clean_5nm,sharedW_unaware_insample,ratio,0.2469,0.0466,7,0.4668,0.5167,0.507,0.421,0.6454,0.8937,0.6454,0.8937,1.2515,0.1823
clean_5nm,PCR_dRrs_d2,ratio,0.2175,0.0172,7,0.4606,0.4308,0.495,0.3654,,,,,,
clean_5nm,null_GSM,ratio,0.1174,-0.0829,0,0.0905,0.1112,0.0208,0.1291,,,,,,
clean_5nm,null_OC4,ratio,0.1616,-0.0387,0,0.3111,0.3496,0.3204,0.2703,,,,,,
pace_white_5nm,sharedW_unaware,ratio,0.1151,-0.0703,0,0.2982,0.2823,0.2732,0.2694,0.6987,0.9426,0.6369,0.9058,1.0466,0.2136
pace_white_5nm,sharedW_unaware_insample,ratio,0.1291,-0.0563,1,0.2925,0.2886,0.2636,0.2495,0.6589,0.926,0.5077,0.7975,1.108,0.2464
pace_white_5nm,sharedW_aware,ratio,0.1318,-0.0536,3,0.3693,0.3735,0.3378,0.3443,0.6867,0.938,0.6759,0.9332,1.0809,0.1989
pace_white_5nm,PCR_dRrs_d2,ratio,0.0023,-0.1831,0,0.0051,0.0068,0.0072,0.0028,,,,,,
pace_white_5nm,null_GSM,ratio,0.1098,-0.0756,0,0.0921,0.1025,0.0206,0.1242,,,,,,
pace_white_5nm,null_OC4,ratio,0.1494,-0.036,0,0.2762,0.3227,0.2992,0.2429,,,,,,
clean_5nm,sharedW_unaware,abs,0.3232,-0.0516,3,,,,,0.8536,0.9443,0.8536,0.9443,1.7772,0.0363
clean_5nm,sharedW_unaware_insample,abs,0.3862,0.0113,6,,,,,0.7873,0.8865,0.7873,0.8865,2.5661,0.0334
clean_5nm,PCR_dRrs_d2,abs,0.356,-0.0189,2,,,,,,,,,,
clean_5nm,null_GSM,abs,0.3727,-0.0021,0,,,,,,,,,,
clean_5nm,null_OC4,abs,0.2091,-0.1658,0,,,,,,,,,,
pace_white_5nm,sharedW_unaware,abs,0.0924,-0.2216,0,,,,,0.7618,0.9366,0.6526,0.8245,1.108,0.0648
pace_white_5nm,sharedW_unaware_insample,abs,0.1064,-0.2076,0,,,,,0.7342,0.9128,0.5695,0.7199,1.038,0.0712
pace_white_5nm,sharedW_aware,abs,0.2538,-0.0602,2,,,,,0.868,0.9505,0.8565,0.9451,1.7094,0.039
pace_white_5nm,PCR_dRrs_d2,abs,0.0041,-0.3099,0,,,,,,,,,,
pace_white_5nm,null_GSM,abs,0.3101,-0.004,0,,,,,,,,,,
pace_white_5nm,null_OC4,abs,0.2019,-0.1122,0,,,,,,,,,,
